RUT;Nombre;Genero;Fecha_Nacimiento;PrevisiÃ³n;Monto_Deuda;Reajuste
16.302.272-9;Andrea Javiera Robles DÃ­az;FEMENINO;1971/7/11;FONASA;1871093;1927225.79
5.03.060-9;Daniela Victoria Ruiz LÃ³pez;FEMENINO;1970/7/23;FONASA;793322;817121.66
12.074.719-9;Francisco Felipe Castro Rojas;MASCULINO;1966/2/22;FONASA;320538;330154.14
19.121.201-0;Cecilia Valeria DÃ­az GonzÃ¡lez;FEMENINO;1998/4/15;FONASA;469335;483415.05
20.348.342-8;Pablo Vicente Valenzuela Campos;MASCULINO;1978/1/15;ISAPRE;759052;781823.56
14.647.075-5;MarÃ­a Isabel LÃ³pez Campos;FEMENINO;1964/7/18;FONASA;271343;279483.29
15.116.696-3;Javiera Valeria Valenzuela Valenzuela;FEMENINO;1987/5/25;FONASA;647743;667175.29
13.350.486-8;Pedro Bernardo MuÃ±oz Vergara;MASCULINO;1990/5/12;FONASA;1130031;1163931.93
14.086.677-4;Pedro Juan Saavedra Quiroga;MASCULINO;1989/9/28;FONASA;1707784;1759017.52
6.111.964-8;Daniela Paula Valenzuela LÃ³pez;FEMENINO;2000/11/6;FONASA;1795495;1849359.85
6.980.665-5;Isidora Victoria Vergara LÃ³pez;FEMENINO;1976/1/1;ISAPRE;158492;163246.76
13.880.857-6;Juan Gabriel Campos Vergara;MASCULINO;1966/6/30;FONASA;1717168;1768683.04
8.594.275-2;Cecilia Daniela RodrÃ­guez Castro;FEMENINO;1970/3/22;FONASA;1386879;1428485.37
4.517.042-2;MarÃ­a Victoria Saavedra Quiroga;FEMENINO;1974/9/28;FONASA;1812261;1866628.83
14.780.366-5;Francisco Javier Vergara Quiroga;MASCULINO;1974/12/1;ISAPRE;689805;710499.15
13.714.385-0;Victoria Pamela GonzÃ¡lez Saavedra;FEMENINO;1990/2/20;ISAPRE;1165692;1200662.76
11.878.247-7;Constanza Cecilia GonzÃ¡lez Valenzuela;FEMENINO;1998/2/28;FONASA;1732286;1784254.58
15.359.207-5;Ignacio AndrÃ©s Robles MarÃ­n;MASCULINO;1977/5/3;FONASA;1076294;1108582.82
12.341.380-3;Juan Felipe GonzÃ¡lez Vergara;MASCULINO;1966/7/0;FONASA;934966;963014.98
8.178.106-7;Ignacio Bernardo Saavedra Vergara;MASCULINO;1962/2/23;FONASA;1713289;1764687.6700000002
12.326.886-9;Felipe Bernardo GonzÃ¡lez Valenzuela;MASCULINO;1989/4/7;FONASA;1071736;1103888.08
7.282.600-2;Victoria MarÃ­a Saavedra MuÃ±oz;FEMENINO;1988/7/27;FONASA;837117;862230.51
19.639.522-9;Rodrigo Vicente MarÃ­n RodrÃ­guez;MASCULINO;1972/10/11;ISAPRE;767290;790308.7000000001
14.033.386-1;AndrÃ©s Felipe RodrÃ­guez MarÃ­n;MASCULINO;1982/10/28;ISAPRE;543030;559320.9
18.074.219-8;Victoria Isidora Castro MarÃ­n;FEMENINO;1989/8/14;FONASA;1092520;1125295.6
21.757.948-4;Paula Constanza RodrÃ­guez MarÃ­n;FEMENINO;1964/3/14;ISAPRE;1511433;1556775.99
21.247.134-4;Bernardo Vicente Rojas RodrÃ­guez;MASCULINO;1978/9/15;FONASA;158871;163637.13
8.189.823-8;Isabel Pamela Ruiz Campos;FEMENINO;1981/8/28;ISAPRE;1827813;1882647.3900000001
9.259.149-0;Gabriel Javier LÃ³pez RodrÃ­guez;MASCULINO;1998/4/13;FONASA;758533;781288.99
16.591.368-1;AndrÃ©s Pedro RodrÃ­guez Castro;MASCULINO;1983/3/12;ISAPRE;1903058;1960149.74
10.819.343-9;Pablo Pablo Valenzuela MarÃ­n;MASCULINO;1985/4/3;FONASA;1840242;1895449.26
16.888.072-5;Andrea Cecilia MuÃ±oz Saavedra;FEMENINO;1964/10/3;ISAPRE;1997623;2057551.69
13.568.776-7;Andrea Isidora Castro MuÃ±oz;FEMENINO;1972/1/4;FONASA;1349311;1389790.33
10.741.901-4;Pamela Javiera Vergara Robles;FEMENINO;2000/11/18;FONASA;1395492;1437356.76
4.300.851-6;Francisco Alejandro Castro Robles;MASCULINO;1973/3/21;ISAPRE;1043670;1074980.1
18.146.566-9;Isabel Cecilia Rojas Ruiz;FEMENINO;1994/5/4;ISAPRE;1915568;1973035.04
12.963.496-3;Vicente Bernardo MarÃ­n Castro;MASCULINO;1995/1/17;FONASA;1275297;1313555.9100000001
12.694.079-3;Valeria Constanza Saavedra Valenzuela;FEMENINO;1982/3/30;FONASA;1967676;2026706.28
10.807.05-5;RamÃ³n Felipe DÃ­az DÃ­az;MASCULINO;1976/10/2;FONASA;1794523;1848358.69
5.036.816-5;Vicente Javier Saavedra Ruiz;MASCULINO;1983/2/16;ISAPRE;1502238;1547305.1400000001
17.454.522-5;Pablo Javier Campos Ruiz;MASCULINO;1971/6/2;ISAPRE;777576;800903.28
16.439.209-5;Isabel Blanca Quiroga MarÃ­n;FEMENINO;1997/3/15;FONASA;730748;752670.4400000001
19.543.570-3;Andrea Isabel RodrÃ­guez Vergara;FEMENINO;1976/5/30;FONASA;291152;299886.56
5.449.462-3;Bernardo Juan MuÃ±oz Valenzuela;MASCULINO;1974/10/1;FONASA;1174500;1209735.0
17.904.231-8;Javier Gabriel Rojas DÃ­az;MASCULINO;1973/8/2;FONASA;613327;631726.81
4.682.642-4;RamÃ³n Rodrigo MarÃ­n MuÃ±oz;MASCULINO;1998/11/29;ISAPRE;856529;882224.87
11.100.575-9;Daniela Cecilia Campos Rojas;FEMENINO;1967/2/0;FONASA;638503;657658.09
14.100.661-9;Pablo Rodrigo RodrÃ­guez Ruiz;MASCULINO;1993/11/27;FONASA;1998717;2058678.51
8.226.373-8;Pedro Vicente MuÃ±oz Rojas;MASCULINO;1961/12/23;FONASA;829052;853923.56
12.075.215-8;Francisco Ignacio Ruiz MarÃ­n;MASCULINO;1990/6/21;ISAPRE;160790;165613.7
20.950.595-9;Cecilia Victoria Castro Ruiz;FEMENINO;1993/7/30;FONASA;457915;471652.45
21.100.495-6;Cecilia Blanca LÃ³pez Ruiz;FEMENINO;1998/8/13;FONASA;114605;118043.15000000001
10.641.083-9;Pamela Ignacia Vergara MuÃ±oz;FEMENINO;1961/3/19;FONASA;1422042;1464703.26
5.690.251-5;Felipe Juan Ruiz Vergara;MASCULINO;1977/5/17;FONASA;909112;936385.36
20.091.205-1;Ignacia Blanca MarÃ­n Vergara;FEMENINO;1987/1/25;FONASA;1185092;1220644.76
17.109.014-7;Isidora Isabel RodrÃ­guez Valenzuela;FEMENINO;1971/9/10;ISAPRE;391038;402769.14
17.875.796-0;AndrÃ©s Rodrigo MarÃ­n LÃ³pez;MASCULINO;1998/6/6;FONASA;1623531;1672236.93
9.513.097-0;Isabel Constanza MuÃ±oz RodrÃ­guez;FEMENINO;1991/1/10;FONASA;812935;837323.05
17.307.086-9;RamÃ³n Juan GonzÃ¡lez MuÃ±oz;MASCULINO;1971/10/5;FONASA;1363345;1404245.35
18.782.070-4;Felipe Javier RodrÃ­guez Rojas;MASCULINO;1984/4/12;FONASA;1714251;1765678.53
4.418.447-8;Felipe RamÃ³n Castro Castro;MASCULINO;1978/8/8;FONASA;133577;137584.31
8.664.718-6;Pamela Blanca Vergara RodrÃ­guez;FEMENINO;1974/5/25;ISAPRE;1782877;1836363.31
11.753.554-3;Blanca Constanza Valenzuela Castro;FEMENINO;1996/9/4;FONASA;1318619;1358177.57
16.912.511-5;Ignacia MarÃ­a Saavedra Robles;FEMENINO;1982/8/16;ISAPRE;350424;360936.72000000003
19.922.630-5;Paula Isabel MarÃ­n RodrÃ­guez;FEMENINO;1985/6/2;FONASA;1514169;1559594.07
9.890.807-3;MarÃ­a Victoria Rojas MarÃ­n;FEMENINO;1992/5/10;FONASA;609152;627426.56
21.798.515-1;Andrea Andrea Castro Rojas;FEMENINO;1996/4/12;FONASA;320305;329914.15
18.230.385-7;Isabel Blanca Rojas Quiroga;FEMENINO;1978/5/3;FONASA;818652;843211.56
7.287.859-1;Constanza Isabel DÃ­az Castro;FEMENINO;1965/8/24;ISAPRE;845569;870936.0700000001
21.392.972-7;AndrÃ©s Ignacio MarÃ­n Valenzuela;MASCULINO;1997/5/23;FONASA;1245275;1282633.25
18.533.361-4;Andrea Andrea Quiroga Saavedra;FEMENINO;1975/8/22;FONASA;1603321;1651420.6300000001
13.161.717-3;Alejandro AndrÃ©s Campos Quiroga;MASCULINO;1973/5/5;FONASA;327226;337042.78
11.871.218-8;AndrÃ©s Felipe Quiroga GonzÃ¡lez;MASCULINO;1994/5/28;FONASA;264418;272350.54
13.106.954-2;Pedro Vicente Ruiz RodrÃ­guez;MASCULINO;1989/4/4;FONASA;170204;175310.12
18.498.392-5;AndrÃ©s Rodrigo DÃ­az Campos;MASCULINO;1970/6/1;FONASA;1514301;1559730.03
19.355.348-1;MarÃ­a Valeria Valenzuela LÃ³pez;FEMENINO;1982/6/2;ISAPRE;1918747;1976309.4100000001
13.403.789-8;Vicente Bernardo Rojas Valenzuela;MASCULINO;1986/8/0;ISAPRE;1742723;1795004.69
5.575.410-4;Javiera Cecilia Saavedra DÃ­az;FEMENINO;1986/5/4;FONASA;1479391;1523772.73
6.262.939-4;Valeria Javiera MuÃ±oz Castro;FEMENINO;1971/2/7;ISAPRE;877315;903634.4500000001
9.248.552-0;Blanca MarÃ­a Ruiz Vergara;FEMENINO;1990/3/13;FONASA;949868;978364.04
7.638.517-6;Pablo Ignacio Saavedra Rojas;MASCULINO;1993/9/21;FONASA;632655;651634.65
5.632.295-5;Valeria Cecilia Vergara Rojas;FEMENINO;1991/2/28;FONASA;939512;967697.36
14.502.656-2;Ignacio Bernardo LÃ³pez RodrÃ­guez;MASCULINO;1973/12/21;FONASA;128698;132558.94
4.762.194-6;MarÃ­a Valeria MuÃ±oz GonzÃ¡lez;FEMENINO;1984/6/2;ISAPRE;924972;952721.16
16.543.145-1;Pamela Victoria Robles Vergara;FEMENINO;1992/12/29;FONASA;207982;214221.46
13.588.927-9;Alejandro Bernardo Vergara MarÃ­n;MASCULINO;1963/12/20;ISAPRE;1193676;1229486.28
8.034.555-5;Vicente Ignacio Valenzuela Quiroga;MASCULINO;1987/9/4;ISAPRE;432738;445720.14
21.617.637-4;Constanza Blanca Saavedra DÃ­az;FEMENINO;1989/1/9;ISAPRE;119190;122765.7
14.799.844-8;Pamela Paula Campos Quiroga;FEMENINO;1982/9/3;FONASA;680334;700744.02
15.916.920-7;MarÃ­a Paula GonzÃ¡lez Vergara;FEMENINO;1967/4/10;ISAPRE;606282;624470.46
13.610.685-6;Isidora Cecilia Castro RodrÃ­guez;FEMENINO;1992/1/21;FONASA;417115;429628.45
7.856.613-1;Alejandro Rodrigo Castro Robles;MASCULINO;1960/10/14;FONASA;645025;664375.75
8.160.459-8;Victoria Andrea RodrÃ­guez MarÃ­n;FEMENINO;1975/6/3;FONASA;352842;363427.26
15.946.802-2;Constanza Andrea Campos Vergara;FEMENINO;1975/11/28;FONASA;1038954;1070122.62
7.482.245-8;Alejandro Gabriel Saavedra Campos;MASCULINO;1966/12/28;FONASA;1103423;1136525.69
15.328.419-5;Javiera Valeria Saavedra Campos;FEMENINO;1970/8/17;FONASA;801271;825309.13
5.697.032-2;Gabriel Javier Quiroga Saavedra;MASCULINO;1996/6/5;ISAPRE;421830;434484.9
9.066.541-3;Francisco Francisco Ruiz Quiroga;MASCULINO;1980/7/24;ISAPRE;565680;582650.4
9.722.662-9;Gabriel Ignacio Castro RodrÃ­guez;MASCULINO;1968/4/14;FONASA;1106772;1139975.16
19.196.453-0;Pamela Constanza LÃ³pez MuÃ±oz;FEMENINO;1960/9/9;ISAPRE;1684246;1734773.3800000001
14.014.09-9;Gabriel Felipe DÃ­az MarÃ­n;MASCULINO;1976/12/10;FONASA;568839;585904.17
18.444.222-7;Francisco Bernardo MuÃ±oz Castro;MASCULINO;1988/7/8;ISAPRE;978748;1008110.4400000001
13.716.907-0;Juan Vicente RodrÃ­guez Quiroga;MASCULINO;1972/1/5;FONASA;943929;972246.87
17.734.624-0;Francisco Javier MarÃ­n MuÃ±oz;MASCULINO;1979/8/29;FONASA;749244;771721.3200000001
19.186.540-6;Rodrigo Rodrigo RodrÃ­guez Campos;MASCULINO;1992/8/10;FONASA;1710802;1762126.06
12.641.551-3;Daniela Victoria RodrÃ­guez Quiroga;FEMENINO;1970/5/7;ISAPRE;381095;392527.85000000003
19.763.461-2;Alejandro Juan Campos Campos;MASCULINO;1972/6/11;ISAPRE;1897181;1954096.43
14.485.628-7;Bernardo AndrÃ©s Valenzuela Castro;MASCULINO;1961/8/9;FONASA;1195508;1231373.24
10.196.166-6;Javier Pedro RodrÃ­guez Saavedra;MASCULINO;2000/4/0;FONASA;1691786;1742539.58
6.721.840-6;Javiera Ignacia DÃ­az Saavedra;FEMENINO;1991/11/26;FONASA;1621316;1669955.48
6.124.977-0;Andrea MarÃ­a Quiroga Ruiz;FEMENINO;1962/12/23;FONASA;221259;227896.77000000002
13.470.680-1;Felipe Javier Castro Vergara;MASCULINO;1975/10/0;FONASA;1144569;1178906.07
12.300.519-2;Francisco Bernardo Campos Quiroga;MASCULINO;1960/10/30;ISAPRE;171442;176585.26
18.142.977-2;Valeria Valeria Castro DÃ­az;FEMENINO;1973/5/12;ISAPRE;1792868;1846654.04
4.367.282-7;Pamela Isidora Vergara Campos;FEMENINO;1989/6/0;ISAPRE;1419357;1461937.71
18.683.099-8;Pedro Felipe Saavedra Quiroga;MASCULINO;1986/9/5;ISAPRE;1304027;1343147.81
15.439.959-0;Francisco Juan Rojas RodrÃ­guez;MASCULINO;1963/3/27;ISAPRE;818264;842811.92
7.364.238-5;Bernardo Bernardo Saavedra RodrÃ­guez;MASCULINO;1969/3/0;FONASA;1749593;1802080.79
14.340.136-3;Victoria Isabel RodrÃ­guez MarÃ­n;FEMENINO;2000/4/15;ISAPRE;1562529;1609404.87
8.224.493-9;Isabel Blanca GonzÃ¡lez Ruiz;FEMENINO;1995/10/17;FONASA;1733955;1785973.6500000001
13.507.971-0;Valeria Andrea DÃ­az RodrÃ­guez;FEMENINO;1991/4/0;FONASA;1836911;1892018.33
11.062.954-1;Pamela Paula MarÃ­n Valenzuela;FEMENINO;1991/7/23;FONASA;848408;873860.24
12.932.519-9;Javier Francisco Rojas Saavedra;MASCULINO;1988/1/21;FONASA;1479315;1523694.45
18.484.987-8;Francisco Ignacio Ruiz Saavedra;MASCULINO;1973/11/22;FONASA;1261788;1299641.6400000001
13.670.850-8;AndrÃ©s Francisco RodrÃ­guez Robles;MASCULINO;1979/5/6;ISAPRE;1826919;1881726.57
5.855.455-1;Bernardo Gabriel Castro Castro;MASCULINO;1961/5/5;FONASA;1121929;1155586.87
14.648.384-5;Javier Francisco MarÃ­n LÃ³pez;MASCULINO;1960/8/28;FONASA;238699;245859.97
21.255.359-6;Pamela Pamela RodrÃ­guez Ruiz;FEMENINO;1997/11/14;ISAPRE;1976622;2035920.6600000001
19.580.363-0;Daniela Valeria Campos LÃ³pez;FEMENINO;1993/2/5;FONASA;229412;236294.36000000002
16.973.515-7;Andrea Paula Castro Saavedra;FEMENINO;1979/10/16;FONASA;659772;679565.16
8.482.164-2;Paula Javiera RodrÃ­guez RodrÃ­guez;FEMENINO;1971/5/16;FONASA;1605287;1653445.61
18.183.507-8;Pamela Javiera MarÃ­n Robles;FEMENINO;1993/5/23;FONASA;1578852;1626217.56
18.602.081-9;Isabel Isidora MuÃ±oz DÃ­az;FEMENINO;1975/4/26;FONASA;442113;455376.39
8.150.572-9;Francisco Javier RodrÃ­guez Ruiz;MASCULINO;1992/11/27;FONASA;983881;1013397.43
4.464.256-0;Vicente Pedro RodrÃ­guez RodrÃ­guez;MASCULINO;1988/1/3;FONASA;1612052;1660413.56
7.357.126-8;Francisco Alejandro Saavedra Saavedra;MASCULINO;1979/10/20;ISAPRE;1650615;1700133.45
11.682.02-8;Pablo Alejandro DÃ­az GonzÃ¡lez;MASCULINO;1987/11/3;FONASA;738699;760859.97
12.797.358-4;MarÃ­a Javiera Vergara Quiroga;FEMENINO;1964/8/1;ISAPRE;119190;122765.7
21.257.295-2;Pablo Pablo GonzÃ¡lez Valenzuela;MASCULINO;1983/10/29;FONASA;1064682;1096622.46
14.386.214-6;Francisco RamÃ³n Valenzuela Rojas;MASCULINO;1974/3/11;FONASA;838270;863418.1
15.314.101-2;Javiera Javiera RodrÃ­guez MuÃ±oz;FEMENINO;1983/2/26;FONASA;1627715;1676546.45
10.339.894-8;Javier Alejandro Quiroga Ruiz;MASCULINO;2000/2/21;ISAPRE;1003616;1033724.48
4.877.352-5;Pablo AndrÃ©s Vergara Robles;MASCULINO;1977/11/7;ISAPRE;1151777;1186330.31
16.506.337-5;Constanza Javiera Vergara RodrÃ­guez;FEMENINO;1965/12/19;FONASA;1577615;1624943.45
14.025.692-6;Blanca Isidora LÃ³pez DÃ­az;FEMENINO;1984/1/7;FONASA;121989;125648.67
10.321.747-6;AndrÃ©s Pedro MarÃ­n Ruiz;MASCULINO;1980/10/22;ISAPRE;958845;987610.35
5.478.446-2;Juan Alejandro Campos Rojas;MASCULINO;1961/4/23;FONASA;1277761;1316093.83
5.750.202-4;Pablo Francisco MuÃ±oz Saavedra;MASCULINO;1989/4/29;FONASA;415132;427585.96
9.929.201-2;Gabriel Gabriel Valenzuela Campos;MASCULINO;1960/5/30;FONASA;1753385;1805986.55
16.241.406-5;Valeria MarÃ­a GonzÃ¡lez LÃ³pez;FEMENINO;1965/1/24;FONASA;820538;845154.14
6.047.117-0;Isabel MarÃ­a Castro LÃ³pez;FEMENINO;1998/5/27;FONASA;1311580;1350927.4000000001
7.514.540-5;RamÃ³n Alejandro GonzÃ¡lez Quiroga;MASCULINO;1972/10/8;ISAPRE;1983696;2043206.8800000001
8.159.052-3;Valeria Blanca Robles RodrÃ­guez;FEMENINO;1976/10/2;FONASA;460353;474163.59
14.704.479-0;RamÃ³n Bernardo Campos Ruiz;MASCULINO;1993/10/8;FONASA;622718;641399.54
13.740.210-1;MarÃ­a Blanca DÃ­az Valenzuela;FEMENINO;1999/10/28;FONASA;1533164;1579158.92
7.124.780-7;Ignacia Valeria LÃ³pez MarÃ­n;FEMENINO;1972/7/10;ISAPRE;1406570;1448767.1
5.431.774-7;Isabel Pamela Castro Vergara;FEMENINO;1995/3/18;ISAPRE;194388;200219.64
13.303.735-5;Bernardo Pablo Ruiz MarÃ­n;MASCULINO;1970/4/7;ISAPRE;1293645;1332454.35
5.012.158-8;Cecilia Victoria Valenzuela Quiroga;FEMENINO;1968/11/24;ISAPRE;1850866;1906391.98
4.560.823-7;Rodrigo Rodrigo Rojas GonzÃ¡lez;MASCULINO;1981/10/29;ISAPRE;128177;132022.31
19.044.644-8;Ignacio Rodrigo RodrÃ­guez Vergara;MASCULINO;1984/11/27;FONASA;667091;687103.73
21.050.545-7;Javier Ignacio Saavedra Ruiz;MASCULINO;1971/3/25;ISAPRE;1432581;1475558.43
16.367.864-1;Ignacia Paula Quiroga GonzÃ¡lez;FEMENINO;1970/7/27;FONASA;1411664;1454013.92
10.398.526-6;Gabriel Javier DÃ­az LÃ³pez;MASCULINO;1967/11/14;ISAPRE;1200030;1236030.9000000001
20.763.574-9;Alejandro AndrÃ©s Quiroga LÃ³pez;MASCULINO;1976/2/10;FONASA;1477747;1522079.4100000001
15.531.840-9;Ignacia Isidora Saavedra Vergara;FEMENINO;1970/5/8;FONASA;1651190;1700725.7
12.228.608-8;Alejandro Pablo RodrÃ­guez Vergara;MASCULINO;1962/2/21;FONASA;1176947;1212255.41
18.993.070-0;Ignacia Victoria MuÃ±oz MuÃ±oz;FEMENINO;1966/3/20;FONASA;113402;116804.06
10.584.551-1;Constanza Isidora Campos RodrÃ­guez;FEMENINO;1986/3/6;ISAPRE;1441998;1485257.94
4.941.591-9;AndrÃ©s Juan GonzÃ¡lez Quiroga;MASCULINO;1962/10/25;FONASA;542687;558967.61
4.254.365-4;Pedro Gabriel RodrÃ­guez Robles;MASCULINO;1996/4/1;FONASA;538579;554736.37
6.851.121-5;Isidora MarÃ­a Rojas Quiroga;FEMENINO;1999/8/26;FONASA;415843;428318.29000000004
19.759.402-4;Juan Felipe GonzÃ¡lez Ruiz;MASCULINO;1986/12/28;FONASA;1029261;1060138.83
15.895.121-7;Vicente Gabriel RodrÃ­guez Valenzuela;MASCULINO;1964/4/27;ISAPRE;1810531;1864846.93
21.222.801-0;Pablo Ignacio GonzÃ¡lez Saavedra;MASCULINO;1986/11/3;FONASA;1788637;1842296.11
20.540.089-7;Constanza Valeria MarÃ­n Ruiz;FEMENINO;1984/5/10;FONASA;353298;363896.94
4.403.683-5;Cecilia MarÃ­a DÃ­az DÃ­az;FEMENINO;1985/11/19;FONASA;1907188;1964403.6400000001
16.476.698-0;Bernardo Ignacio Vergara MuÃ±oz;MASCULINO;1984/5/3;FONASA;1134469;1168503.07
12.457.940-2;Pamela Cecilia Vergara Robles;FEMENINO;1963/11/5;FONASA;356779;367482.37
17.947.532-3;MarÃ­a Ignacia Ruiz Rojas;FEMENINO;1997/2/26;FONASA;465180;479135.4
18.402.956-7;Javiera Pamela Quiroga Campos;FEMENINO;1966/9/10;FONASA;1885670;1942240.1
7.085.873-2;Javier Rodrigo Quiroga Valenzuela;MASCULINO;1996/9/27;ISAPRE;1901755;1958807.6500000001
19.266.951-7;Victoria Pamela Ruiz GonzÃ¡lez;FEMENINO;1961/9/20;ISAPRE;804796;828939.88
18.515.989-6;Bernardo Alejandro GonzÃ¡lez Saavedra;MASCULINO;1991/7/0;FONASA;1232778;1269761.34
19.899.364-6;Vicente Rodrigo Campos MuÃ±oz;MASCULINO;1994/10/4;FONASA;1804964;1859112.9200000002
7.273.828-0;Juan Gabriel Castro Robles;MASCULINO;1977/3/0;FONASA;1319229;1358805.87
8.152.912-5;Javiera Pamela Robles GonzÃ¡lez;FEMENINO;1972/1/16;FONASA;1755921;1808598.6300000001
12.813.415-7;Ignacio Pablo Ruiz Castro;MASCULINO;1987/1/9;FONASA;272178;280343.34
12.316.608-9;RamÃ³n Javier Rojas RodrÃ­guez;MASCULINO;1992/8/12;FONASA;1379632;1421020.96
12.585.168-6;Isabel Daniela Campos Ruiz;FEMENINO;1991/2/16;FONASA;1901101;1958134.03
8.898.828-9;Bernardo Juan RodrÃ­guez Quiroga;MASCULINO;1969/6/1;FONASA;187672;193302.16
8.847.485-0;Javier Juan Robles Campos;MASCULINO;1961/2/5;ISAPRE;1989892;2049588.76
13.194.146-2;Ignacia Constanza Castro DÃ­az;FEMENINO;1994/7/16;FONASA;1676167;1726452.01
5.900.879-7;Ignacio Rodrigo MuÃ±oz Robles;MASCULINO;1982/12/23;FONASA;1441093;1484325.79
9.149.727-1;Pamela Daniela Castro Castro;FEMENINO;1991/11/23;FONASA;1449832;1493326.96
14.817.330-7;Javiera Javiera Vergara MuÃ±oz;FEMENINO;1967/6/8;ISAPRE;244350;251680.5
16.380.161-1;Juan Rodrigo GonzÃ¡lez MuÃ±oz;MASCULINO;1965/2/19;FONASA;1601812;1649866.36
9.953.059-5;Ignacia Ignacia Rojas Quiroga;FEMENINO;1970/9/16;FONASA;1095891;1128767.73
14.647.763-3;MarÃ­a Paula DÃ­az Valenzuela;FEMENINO;1977/11/29;FONASA;1812370;1866741.1
17.487.655-5;Rodrigo Javier Quiroga Valenzuela;MASCULINO;1975/5/16;FONASA;996228;1026114.8400000001
10.325.279-4;Pamela Constanza Castro MuÃ±oz;FEMENINO;1969/9/0;ISAPRE;1146271;1180659.1300000001
4.052.951-6;Javiera Ignacia DÃ­az Quiroga;FEMENINO;1960/1/30;FONASA;1811786;1866139.58
18.447.261-4;Paula Blanca Vergara Campos;FEMENINO;1988/7/28;FONASA;873376;899577.28
10.530.647-4;Pedro Rodrigo LÃ³pez Saavedra;MASCULINO;1991/10/3;FONASA;756935;779643.05
8.566.143-8;Blanca Cecilia GonzÃ¡lez RodrÃ­guez;FEMENINO;1984/4/23;FONASA;1239890;1277086.7
21.590.620-3;Pablo Vicente Quiroga Valenzuela;MASCULINO;2000/8/6;FONASA;403870;415986.10000000003
17.144.264-2;Felipe Vicente Campos Vergara;MASCULINO;1996/1/29;FONASA;482563;497039.89
13.081.032-8;Daniela Paula LÃ³pez RodrÃ­guez;FEMENINO;1975/1/2;FONASA;844747;870089.41
10.293.542-4;Javier Ignacio Ruiz GonzÃ¡lez;MASCULINO;1986/11/20;FONASA;1984597;2044134.9100000001
7.458.753-8;Pedro Gabriel Vergara Campos;MASCULINO;1978/1/5;ISAPRE;1807201;1861417.03
17.539.870-5;Bernardo AndrÃ©s Quiroga GonzÃ¡lez;MASCULINO;1994/1/17;ISAPRE;1231519;1268464.57
4.811.381-8;Victoria Blanca Rojas DÃ­az;FEMENINO;1993/4/26;ISAPRE;1780950;1834378.5
6.522.143-8;Pablo Pablo Ruiz Rojas;MASCULINO;1967/7/26;ISAPRE;804946;829094.38
18.849.161-6;Vicente Francisco Saavedra MuÃ±oz;MASCULINO;1975/4/12;FONASA;614762;633204.86
16.538.020-6;MarÃ­a Victoria Rojas RodrÃ­guez;FEMENINO;2000/9/30;FONASA;771584;794731.52
18.440.979-5;Rodrigo Pedro RodrÃ­guez RodrÃ­guez;MASCULINO;1978/11/18;ISAPRE;1487923;1532560.69
14.273.468-3;RamÃ³n Alejandro Ruiz Vergara;MASCULINO;1976/4/28;FONASA;1024960;1055708.8
11.379.871-1;Vicente Felipe RodrÃ­guez Robles;MASCULINO;1967/7/9;FONASA;619669;638259.0700000001
8.558.591-2;Constanza Victoria Quiroga Vergara;FEMENINO;2000/2/18;FONASA;1946425;2004817.75
6.079.686-2;Alejandro Felipe RodrÃ­guez RodrÃ­guez;MASCULINO;1961/7/26;ISAPRE;1508472;1553726.1600000001
9.421.295-1;Andrea Ignacia GonzÃ¡lez Saavedra;FEMENINO;1984/2/15;FONASA;1972677;2031857.31
7.214.024-7;MarÃ­a Ignacia Castro MuÃ±oz;FEMENINO;1961/11/2;FONASA;1003852;1033967.56
10.590.313-1;Paula Paula Rojas RodrÃ­guez;FEMENINO;1990/3/6;FONASA;1998035;2057976.05
12.239.01-3;Pablo AndrÃ©s Vergara Valenzuela;MASCULINO;1981/6/4;FONASA;1313027;1352417.81
4.231.928-4;Javiera Daniela Robles RodrÃ­guez;FEMENINO;1997/2/12;FONASA;1801675;1855725.25
19.855.023-1;Ignacia Constanza Quiroga LÃ³pez;FEMENINO;1973/4/19;FONASA;1400052;1442053.56
18.217.178-7;Javier Felipe Robles DÃ­az;MASCULINO;1988/7/6;ISAPRE;880822;907246.66
4.533.749-4;Blanca Andrea MarÃ­n GonzÃ¡lez;FEMENINO;1992/12/0;FONASA;496031;510911.93
18.913.144-8;Vicente Javier Ruiz Rojas;MASCULINO;1979/12/19;ISAPRE;1432256;1475223.68
7.516.01-8;Pamela Daniela Valenzuela Rojas;FEMENINO;1990/3/8;FONASA;419245;431822.35000000003
4.658.223-8;Juan Juan Castro Rojas;MASCULINO;1998/10/4;FONASA;1920625;1978243.75
6.984.361-1;Valeria Isidora Quiroga Rojas;FEMENINO;1968/8/0;FONASA;788058;811699.74
6.926.940-5;Daniela Blanca LÃ³pez Ruiz;FEMENINO;1975/1/0;FONASA;1318822;1358386.6600000001
10.270.663-7;Gabriel Alejandro Castro GonzÃ¡lez;MASCULINO;1998/8/3;FONASA;1010692;1041012.76
9.974.028-1;Victoria Daniela Vergara Ruiz;FEMENINO;1979/11/7;FONASA;1890733;1947454.99
6.272.032-2;Cecilia Constanza MuÃ±oz Valenzuela;FEMENINO;1982/9/4;ISAPRE;1588169;1635814.07
21.652.928-7;Vicente AndrÃ©s Saavedra RodrÃ­guez;MASCULINO;1967/6/3;FONASA;829380;854261.4
11.294.575-0;AndrÃ©s Javier Castro Saavedra;MASCULINO;1987/9/9;FONASA;1713509;1764914.27
10.559.152-0;Vicente RamÃ³n GonzÃ¡lez MuÃ±oz;MASCULINO;1967/8/19;FONASA;1573036;1620227.08
18.439.312-0;Ignacio Rodrigo Ruiz Castro;MASCULINO;1983/7/14;FONASA;1099799;1132792.97
17.395.624-9;Juan Bernardo RodrÃ­guez DÃ­az;MASCULINO;1981/8/3;FONASA;667009;687019.27
18.608.546-2;Gabriel Vicente RodrÃ­guez Vergara;MASCULINO;1993/2/17;FONASA;767802;790836.06
15.075.268-2;Daniela Pamela Castro Vergara;FEMENINO;1979/4/19;FONASA;117202;120718.06
16.228.950-1;Gabriel Felipe LÃ³pez Quiroga;MASCULINO;1972/10/30;FONASA;1017018;1047528.54
7.043.338-8;Felipe Alejandro LÃ³pez Vergara;MASCULINO;1990/11/21;FONASA;1743045;1795336.35
14.258.184-2;Francisco Felipe Saavedra GonzÃ¡lez;MASCULINO;1973/3/18;FONASA;1865715;1921686.45
4.896.473-3;MarÃ­a Isidora MuÃ±oz Campos;FEMENINO;1995/7/11;ISAPRE;1082443;1114916.29
6.489.018-0;AndrÃ©s Ignacio Castro Campos;MASCULINO;1979/4/14;FONASA;1146809;1181213.27
8.800.741-3;Daniela Pamela Saavedra LÃ³pez;FEMENINO;1993/5/29;FONASA;733916;755933.48
7.649.491-2;Isidora Isabel MuÃ±oz MuÃ±oz;FEMENINO;1980/3/18;FONASA;1525501;1571266.03
14.365.442-4;Pedro Alejandro Saavedra DÃ­az;MASCULINO;1968/6/8;FONASA;712124;733487.72
14.948.549-6;Vicente Bernardo RodrÃ­guez Valenzuela;MASCULINO;1960/5/0;FONASA;511286;526624.58
6.415.057-3;Valeria Paula MuÃ±oz GonzÃ¡lez;FEMENINO;1984/2/8;FONASA;678641;699000.23
19.734.634-7;Constanza Daniela MuÃ±oz MarÃ­n;FEMENINO;1981/6/1;ISAPRE;586101;603684.03
11.482.694-9;Vicente Vicente Quiroga Ruiz;MASCULINO;1970/11/3;FONASA;737732;759863.96
5.727.671-0;Ignacio Rodrigo RodrÃ­guez Rojas;MASCULINO;1980/5/26;FONASA;1435069;1478121.07
14.120.782-2;Ignacio Juan Rojas Castro;MASCULINO;1985/8/4;FONASA;329052;338923.56
17.235.949-6;Andrea Blanca Ruiz Robles;FEMENINO;1966/4/19;FONASA;651085;670617.55
4.392.513-0;MarÃ­a Isidora Saavedra MuÃ±oz;FEMENINO;1982/7/0;ISAPRE;789101;812774.03
6.618.578-3;Victoria Javiera RodrÃ­guez Campos;FEMENINO;1989/2/3;FONASA;895802;922676.06
11.412.698-5;Alejandro Alejandro Robles Vergara;MASCULINO;1975/5/23;FONASA;673259;693456.77
9.704.855-5;Blanca Pamela DÃ­az Quiroga;FEMENINO;1987/12/4;FONASA;940539;968755.17
18.715.857-7;Juan Juan GonzÃ¡lez Vergara;MASCULINO;1967/4/13;FONASA;1492903;1537690.09
18.376.044-0;Javiera Daniela Vergara MarÃ­n;FEMENINO;1962/11/0;ISAPRE;1282022;1320482.6600000001
8.446.251-0;Pablo Pedro Quiroga Valenzuela;MASCULINO;1970/5/17;ISAPRE;1047607;1079035.21
8.402.083-2;Daniela Constanza MarÃ­n Vergara;FEMENINO;1960/4/22;FONASA;1843548;1898854.44
4.198.520-3;Vicente Ignacio Vergara Rojas;MASCULINO;1970/12/20;ISAPRE;1298001;1336941.03
8.679.894-7;Victoria Blanca GonzÃ¡lez Quiroga;FEMENINO;1961/12/23;FONASA;156198;160883.94
15.875.623-7;Alejandro RamÃ³n Robles RodrÃ­guez;MASCULINO;1988/6/24;FONASA;181372;186813.16
14.312.798-6;AndrÃ©s Francisco Saavedra RodrÃ­guez;MASCULINO;1997/12/14;FONASA;1985958;2045536.74
9.176.468-8;Constanza Pamela Rojas LÃ³pez;FEMENINO;1980/7/3;FONASA;1520136;1565740.08
16.460.898-5;Pamela Andrea Castro Quiroga;FEMENINO;1991/1/10;FONASA;453771;467384.13
9.222.197-8;Valeria Paula Robles GonzÃ¡lez;FEMENINO;1979/7/11;ISAPRE;1922881;1980567.4300000002
14.966.605-8;Constanza Daniela DÃ­az Saavedra;FEMENINO;1975/3/1;FONASA;1744236;1796563.08
4.980.407-8;Javier Vicente Vergara RodrÃ­guez;MASCULINO;1982/2/9;FONASA;245243;252600.29
11.465.01-2;MarÃ­a MarÃ­a GonzÃ¡lez Ruiz;FEMENINO;1990/3/4;FONASA;350917;361444.51
5.754.093-5;Paula Paula Rojas RodrÃ­guez;FEMENINO;1987/12/6;FONASA;1687685;1738315.55
13.405.847-2;Bernardo Juan Ruiz Rojas;MASCULINO;1982/11/21;FONASA;460931;474758.93
12.644.913-6;Vicente Felipe Campos Rojas;MASCULINO;1984/4/26;ISAPRE;1399002;1440972.06
7.582.423-1;Ignacia Paula Robles DÃ­az;FEMENINO;1969/5/0;FONASA;152054;156615.62
12.512.487-1;MarÃ­a Valeria GonzÃ¡lez Ruiz;FEMENINO;1968/6/8;ISAPRE;261759;269611.77
6.679.289-5;Alejandro Rodrigo RodrÃ­guez Robles;MASCULINO;1970/11/15;FONASA;1746873;1799279.19
8.516.279-2;Vicente Vicente RodrÃ­guez Quiroga;MASCULINO;1974/10/13;FONASA;632965;651953.9500000001
15.909.248-5;Andrea Blanca Saavedra GonzÃ¡lez;FEMENINO;1989/5/0;ISAPRE;1807830;1862064.9000000001
20.426.281-0;Andrea Pamela Vergara Rojas;FEMENINO;1999/2/3;ISAPRE;1565767;1612740.01
11.018.513-5;Andrea Victoria Valenzuela RodrÃ­guez;FEMENINO;1964/10/0;FONASA;1260095;1297897.85
10.715.227-0;Pamela Javiera MarÃ­n RodrÃ­guez;FEMENINO;1979/1/4;FONASA;1013143;1043537.29
9.873.302-4;Rodrigo Pedro Vergara Saavedra;MASCULINO;1967/5/11;FONASA;898828;925792.84
12.558.724-4;Isabel MarÃ­a Rojas Campos;FEMENINO;1997/3/16;FONASA;173636;178845.08000000002
17.168.934-7;Javier Rodrigo Saavedra Campos;MASCULINO;1962/11/0;ISAPRE;1130272;1164180.16
16.637.213-3;Vicente Bernardo MuÃ±oz GonzÃ¡lez;MASCULINO;1965/6/8;FONASA;328415;338267.45
8.065.909-9;Pablo RamÃ³n LÃ³pez Valenzuela;MASCULINO;1996/12/29;FONASA;1530664;1576583.92
10.344.227-8;Isabel Isabel RodrÃ­guez LÃ³pez;FEMENINO;1965/1/19;FONASA;1869070;1925142.1
13.105.187-5;Javier AndrÃ©s Vergara Saavedra;MASCULINO;1964/6/9;FONASA;1602390;1650461.7
16.620.998-6;Ignacio Pablo Valenzuela Rojas;MASCULINO;1977/12/1;FONASA;1688132;1738775.96
13.151.852-7;Daniela Constanza Quiroga MuÃ±oz;FEMENINO;1979/1/0;FONASA;1285794;1324367.82
11.540.128-3;Rodrigo Vicente Ruiz MuÃ±oz;MASCULINO;1962/7/11;ISAPRE;1855830;1911504.9000000001
16.465.201-6;Ignacia Pamela Robles RodrÃ­guez;FEMENINO;1987/8/6;ISAPRE;1836660;1891759.8
7.922.738-0;Pamela Cecilia RodrÃ­guez Campos;FEMENINO;1971/11/27;FONASA;1609682;1657972.46
11.801.522-3;Bernardo Francisco Robles Castro;MASCULINO;1983/1/2;ISAPRE;1383192;1424687.76
11.080.492-8;Javier Pablo Castro DÃ­az;MASCULINO;1964/9/0;FONASA;327110;336923.3
9.022.257-2;Vicente Gabriel Vergara GonzÃ¡lez;MASCULINO;1974/1/0;FONASA;1977421;2036743.6300000001
13.996.722-3;Alejandro Bernardo Robles Valenzuela;MASCULINO;1969/4/10;FONASA;1483000;1527490.0
15.442.859-4;Constanza Ignacia Valenzuela Vergara;FEMENINO;1996/7/26;FONASA;1779760;1833152.8
20.149.810-6;Rodrigo Alejandro DÃ­az RodrÃ­guez;MASCULINO;1982/11/20;FONASA;1979547;2038933.4100000001
4.933.422-3;Bernardo Pablo RodrÃ­guez Quiroga;MASCULINO;1967/2/19;FONASA;874557;900793.7100000001
11.09.291-3;Valeria Valeria Quiroga Castro;FEMENINO;1987/10/20;ISAPRE;544255;560582.65
18.390.821-1;Pedro Pedro Campos DÃ­az;MASCULINO;1990/9/27;FONASA;1872114;1928277.4200000002
10.044.456-4;Ignacia Javiera LÃ³pez Robles;FEMENINO;2000/11/23;FONASA;376428;387720.84
20.328.213-7;Javier RamÃ³n LÃ³pez Vergara;MASCULINO;1992/11/10;FONASA;557193;573908.79
10.620.998-9;AndrÃ©s Francisco Saavedra Quiroga;MASCULINO;1991/6/4;ISAPRE;292720;301501.60000000003
19.057.714-9;Bernardo Pablo Campos RodrÃ­guez;MASCULINO;1967/1/1;FONASA;1808267;1862515.01
7.403.217-8;RamÃ³n Pedro Campos LÃ³pez;MASCULINO;1980/3/19;FONASA;569175;586250.25
16.957.714-7;Pedro Felipe MuÃ±oz Valenzuela;MASCULINO;1981/4/21;FONASA;1443187;1486482.61
8.474.697-9;Ignacio Bernardo Campos RodrÃ­guez;MASCULINO;1965/5/17;FONASA;1872626;1928804.78
8.114.903-8;RamÃ³n Gabriel Saavedra Vergara;MASCULINO;1987/3/14;FONASA;1121524;1155169.72
18.882.382-9;Ignacia Isidora Saavedra Campos;FEMENINO;1986/8/10;ISAPRE;990279;1019987.37
18.124.934-0;Paula Andrea RodrÃ­guez LÃ³pez;FEMENINO;1995/12/1;ISAPRE;1525893;1571669.79
13.285.086-9;Ignacia MarÃ­a Ruiz Ruiz;FEMENINO;1971/6/22;ISAPRE;1684305;1734834.1500000001
15.873.942-3;Ignacio Pedro RodrÃ­guez GonzÃ¡lez;MASCULINO;1988/4/7;ISAPRE;1006777;1036980.31
21.438.104-3;Francisco RamÃ³n RodrÃ­guez Castro;MASCULINO;1989/9/14;ISAPRE;1352209;1392775.27
11.710.709-8;Javier Pedro Valenzuela Rojas;MASCULINO;1997/11/24;FONASA;1604360;1652490.8
12.406.060-9;Javiera MarÃ­a Vergara Rojas;FEMENINO;1986/9/13;FONASA;672130;692293.9
11.274.094-6;Pedro RamÃ³n Rojas Valenzuela;MASCULINO;1993/7/13;FONASA;1763006;1815896.18
17.672.263-5;Ignacia Daniela Castro Ruiz;FEMENINO;1965/4/4;FONASA;397919;409856.57
5.169.826-6;AndrÃ©s Ignacio Castro Robles;MASCULINO;1990/2/10;ISAPRE;452181;465746.43
4.181.427-9;MarÃ­a Javiera Robles LÃ³pez;FEMENINO;1983/11/7;ISAPRE;1332851;1372836.53
17.540.722-0;Paula Javiera Castro MuÃ±oz;FEMENINO;1991/4/28;ISAPRE;622787;641470.61
14.625.119-2;Javier Juan MuÃ±oz Rojas;MASCULINO;1989/12/26;FONASA;199924;205921.72
7.041.200-6;Javier Ignacio Valenzuela Quiroga;MASCULINO;1979/12/9;FONASA;445092;458444.76
18.525.428-9;Daniela Paula DÃ­az RodrÃ­guez;FEMENINO;1979/2/1;FONASA;118567;122124.01000000001
6.523.668-5;Alejandro Gabriel MarÃ­n Rojas;MASCULINO;1993/6/26;FONASA;1808998;1863267.94
4.590.174-3;Bernardo AndrÃ©s LÃ³pez Robles;MASCULINO;1962/2/11;ISAPRE;1910723;1968044.69
16.583.442-4;Juan Juan DÃ­az LÃ³pez;MASCULINO;1996/6/5;ISAPRE;1962133;2020996.99
16.100.855-8;MarÃ­a Pamela RodrÃ­guez Valenzuela;FEMENINO;1986/7/29;FONASA;1848462;1903915.86
8.241.767-5;Alejandro Rodrigo MarÃ­n Quiroga;MASCULINO;1977/11/8;FONASA;456199;469884.97000000003
11.563.643-4;Javiera Paula Vergara MuÃ±oz;FEMENINO;1985/10/20;FONASA;1333862;1373877.86
21.025.429-7;Isabel Daniela MuÃ±oz Valenzuela;FEMENINO;1987/3/1;ISAPRE;1867074;1923086.22
13.218.589-4;RamÃ³n Javier LÃ³pez Ruiz;MASCULINO;1979/12/17;ISAPRE;370163;381267.89
21.427.013-0;Javier Pablo RodrÃ­guez DÃ­az;MASCULINO;1964/2/26;ISAPRE;1264893;1302839.79
6.547.911-7;Victoria Daniela LÃ³pez Rojas;FEMENINO;1995/10/26;FONASA;1239940;1277138.2
10.819.498-4;Constanza MarÃ­a Robles LÃ³pez;FEMENINO;1977/4/7;FONASA;309554;318840.62
15.242.497-3;Alejandro Pedro Quiroga Valenzuela;MASCULINO;1994/7/13;ISAPRE;1727309;1779128.27
17.968.876-9;Paula Constanza Campos Ruiz;FEMENINO;1996/3/13;FONASA;1138287;1172435.61
15.414.868-6;Gabriel Felipe Rojas Castro;MASCULINO;1967/8/10;FONASA;1485080;1529632.4000000001
17.746.900-5;Valeria Blanca GonzÃ¡lez Quiroga;FEMENINO;1967/4/12;ISAPRE;709259;730536.77
18.658.244-9;Valeria Pamela Vergara Vergara;FEMENINO;1960/10/22;FONASA;277809;286143.27
21.270.301-0;MarÃ­a Valeria Saavedra DÃ­az;FEMENINO;1962/8/21;FONASA;972783;1001966.49
18.539.682-5;AndrÃ©s RamÃ³n Rojas GonzÃ¡lez;MASCULINO;1975/7/23;FONASA;1275450;1313713.5
9.806.589-0;Paula Pamela Vergara RodrÃ­guez;FEMENINO;1981/6/5;FONASA;1579927;1627324.81
11.317.311-9;Victoria Cecilia GonzÃ¡lez GonzÃ¡lez;FEMENINO;1981/3/13;FONASA;1920169;1977774.07
16.219.533-2;Pedro Rodrigo MuÃ±oz RodrÃ­guez;MASCULINO;1970/7/21;FONASA;753010;775600.3
12.590.705-9;Alejandro Alejandro Ruiz Saavedra;MASCULINO;1969/7/4;ISAPRE;146668;151068.04
16.514.564-3;Cecilia Blanca GonzÃ¡lez Ruiz;FEMENINO;1964/8/8;FONASA;1111817;1145171.51
20.765.460-3;Alejandro Vicente RodrÃ­guez Campos;MASCULINO;1987/10/5;FONASA;947565;975991.9500000001
11.712.567-4;Pamela Victoria MuÃ±oz GonzÃ¡lez;FEMENINO;1980/2/20;ISAPRE;1937186;1995301.58
13.721.389-7;Vicente Gabriel Saavedra Castro;MASCULINO;1979/10/18;FONASA;1860825;1916649.75
5.873.216-0;Blanca Daniela DÃ­az MarÃ­n;FEMENINO;1989/6/2;ISAPRE;430235;443142.05
21.528.885-6;Ignacia Victoria DÃ­az Vergara;FEMENINO;1964/4/6;ISAPRE;413398;425799.94
13.520.787-3;Felipe RamÃ³n Valenzuela Ruiz;MASCULINO;1997/9/18;FONASA;1725370;1777131.1
12.996.351-2;Bernardo Felipe RodrÃ­guez Rojas;MASCULINO;1997/3/22;FONASA;337534;347660.02
13.641.305-7;AndrÃ©s Pedro Saavedra Robles;MASCULINO;1974/5/9;FONASA;1971985;2031144.55
21.267.566-5;Gabriel Vicente Vergara Rojas;MASCULINO;1976/9/12;ISAPRE;841117;866350.51
9.941.593-6;Juan Vicente DÃ­az Saavedra;MASCULINO;1967/7/1;FONASA;321288;330926.64
12.067.241-1;Francisco Juan DÃ­az Ruiz;MASCULINO;1968/10/30;FONASA;1993407;2053209.21
6.881.997-5;Vicente Juan LÃ³pez LÃ³pez;MASCULINO;1980/7/6;ISAPRE;778592;801949.76
6.857.628-7;Javiera Javiera Valenzuela Rojas;FEMENINO;1971/7/4;FONASA;434359;447389.77
8.692.248-2;Javiera Pamela Rojas Robles;FEMENINO;1983/7/30;ISAPRE;439248;452425.44
11.336.204-6;Gabriel Javier GonzÃ¡lez Castro;MASCULINO;1994/2/0;FONASA;106179;109364.37000000001
13.989.489-8;Rodrigo Javier Vergara GonzÃ¡lez;MASCULINO;1997/4/9;FONASA;1603972;1652091.1600000001
5.911.04-3;Pamela Constanza Saavedra RodrÃ­guez;FEMENINO;1993/1/11;ISAPRE;1264418;1302350.54
17.620.532-7;Constanza MarÃ­a Campos Vergara;FEMENINO;1972/10/16;ISAPRE;498563;513519.89
4.142.453-0;Rodrigo Pablo Vergara Rojas;MASCULINO;1965/4/21;FONASA;442827;456111.81
21.199.826-0;Vicente Vicente MuÃ±oz RodrÃ­guez;MASCULINO;1974/11/20;FONASA;1242101;1279364.03
21.132.180-2;Constanza MarÃ­a Castro MuÃ±oz;FEMENINO;1994/2/27;ISAPRE;1877521;1933846.6300000001
4.934.328-8;Francisco Javier Quiroga DÃ­az;MASCULINO;1964/12/13;ISAPRE;1906054;1963235.62
8.756.054-6;RamÃ³n Rodrigo Campos Saavedra;MASCULINO;1973/3/20;FONASA;653823;673437.6900000001
21.953.260-0;Constanza Cecilia Quiroga Vergara;FEMENINO;1967/8/0;FONASA;1039147;1070321.41
13.197.497-7;Ignacia Daniela Vergara Vergara;FEMENINO;1980/7/6;FONASA;1677341;1727661.23
16.754.458-0;Paula Daniela Robles Campos;FEMENINO;1960/5/29;FONASA;500799;515822.97000000003
16.671.804-5;Gabriel Alejandro GonzÃ¡lez RodrÃ­guez;MASCULINO;1978/2/2;FONASA;1352633;1393211.99
19.353.959-4;Constanza Paula MuÃ±oz Quiroga;FEMENINO;1979/5/0;FONASA;1480722;1525143.6600000001
10.193.151-7;Rodrigo Felipe Castro DÃ­az;MASCULINO;1991/9/6;FONASA;341855;352110.65
7.637.560-1;Daniela Andrea Quiroga Saavedra;FEMENINO;1963/5/17;FONASA;497368;512289.04000000004
6.519.240-6;Isabel Isidora Ruiz LÃ³pez;FEMENINO;1982/8/28;FONASA;1807168;1861383.04
18.710.234-9;Pedro Rodrigo Campos Saavedra;MASCULINO;1973/10/18;ISAPRE;467383;481404.49
10.633.402-8;Cecilia Isidora LÃ³pez MuÃ±oz;FEMENINO;1983/6/12;FONASA;445837;459212.11
11.255.583-6;Vicente AndrÃ©s Valenzuela Castro;MASCULINO;1993/1/27;ISAPRE;600906;618933.18
14.131.00-0;Francisco Francisco MarÃ­n Vergara;MASCULINO;1998/4/29;FONASA;149588;154075.64
18.372.451-3;Rodrigo Felipe MarÃ­n DÃ­az;MASCULINO;1974/4/9;FONASA;1826896;1881702.8800000001
13.820.192-2;Francisco Alejandro RodrÃ­guez Campos;MASCULINO;1974/12/2;FONASA;1312379;1351750.37
9.189.156-8;AndrÃ©s Alejandro Saavedra Quiroga;MASCULINO;1991/7/1;FONASA;1088053;1120694.59
7.190.742-2;Pedro AndrÃ©s Robles GonzÃ¡lez;MASCULINO;1998/3/16;FONASA;1280823;1319247.69
5.338.116-0;Blanca Pamela LÃ³pez Campos;FEMENINO;1995/5/15;FONASA;795670;819540.1
5.642.060-9;Isidora MarÃ­a GonzÃ¡lez Castro;FEMENINO;1970/12/13;FONASA;1025918;1056695.54
4.057.639-2;Bernardo Gabriel Ruiz RodrÃ­guez;MASCULINO;2000/8/20;FONASA;1144427;1178759.81
17.350.697-0;Felipe Rodrigo GonzÃ¡lez Vergara;MASCULINO;1972/10/5;FONASA;1075350;1107610.5
11.965.937-0;Rodrigo Vicente Robles GonzÃ¡lez;MASCULINO;1970/7/10;FONASA;907779;935012.37
12.404.608-2;Pablo Javier GonzÃ¡lez Rojas;MASCULINO;1979/10/3;ISAPRE;386256;397843.68
15.104.867-6;Vicente Rodrigo MuÃ±oz Castro;MASCULINO;1987/3/26;ISAPRE;1382949;1424437.47
8.053.951-2;Isabel Valeria Vergara MarÃ­n;FEMENINO;1979/1/2;ISAPRE;641936;661194.0800000001
14.790.965-7;Ignacio Bernardo Castro Campos;MASCULINO;1960/11/25;FONASA;198221;204167.63
18.699.406-1;Vicente AndrÃ©s MuÃ±oz Vergara;MASCULINO;1973/11/6;ISAPRE;1333663;1373672.8900000001
7.562.611-0;Felipe Bernardo Vergara Quiroga;MASCULINO;1968/12/27;ISAPRE;1716070;1767552.1
7.350.253-4;Pablo Rodrigo Robles RodrÃ­guez;MASCULINO;1962/3/16;FONASA;365140;376094.2
16.00.538-1;MarÃ­a Isidora Castro Ruiz;FEMENINO;1965/9/13;ISAPRE;1586363;1633953.8900000001
15.765.194-5;Pedro AndrÃ©s DÃ­az Rojas;MASCULINO;1971/4/14;ISAPRE;405065;417216.95
10.787.259-3;Isabel Ignacia LÃ³pez Valenzuela;FEMENINO;1964/2/21;ISAPRE;137691;141821.73
10.676.212-9;Daniela Victoria Valenzuela DÃ­az;FEMENINO;1990/4/6;FONASA;1745443;1797806.29
21.267.886-4;Constanza Valeria RodrÃ­guez Rojas;FEMENINO;1985/2/18;ISAPRE;1574845;1622090.35
9.320.800-9;Bernardo Juan Valenzuela Rojas;MASCULINO;1976/4/23;FONASA;1179821;1215215.6300000001
7.136.027-6;Vicente Vicente Campos MarÃ­n;MASCULINO;1967/9/11;FONASA;1684398;1734929.94
18.464.859-4;Ignacia Pamela Castro RodrÃ­guez;FEMENINO;1971/10/24;FONASA;619234;637811.02
21.933.655-6;Javiera Pamela DÃ­az Castro;FEMENINO;1987/10/4;FONASA;802723;826804.6900000001
19.041.855-7;Isabel Ignacia GonzÃ¡lez Ruiz;FEMENINO;1986/12/19;FONASA;821492;846136.76
14.277.194-1;Andrea Isidora RodrÃ­guez MarÃ­n;FEMENINO;1990/4/20;ISAPRE;996311;1026200.3300000001
21.866.347-3;AndrÃ©s Juan MarÃ­n GonzÃ¡lez;MASCULINO;1973/8/24;FONASA;445890;459266.7
14.790.302-5;Pablo Gabriel Quiroga LÃ³pez;MASCULINO;1986/6/1;FONASA;1109572;1142859.16
11.850.985-3;Constanza Daniela Ruiz Rojas;FEMENINO;1963/1/30;FONASA;1500134;1545138.02
6.735.376-6;Juan RamÃ³n RodrÃ­guez MarÃ­n;MASCULINO;1960/11/24;FONASA;224018;230738.54
17.738.994-1;Ignacia Ignacia Ruiz GonzÃ¡lez;FEMENINO;1986/3/27;ISAPRE;1117126;1150639.78
10.384.311-6;Felipe Francisco MuÃ±oz Saavedra;MASCULINO;1990/7/12;FONASA;769731;792822.93
6.452.199-7;Isabel Constanza Campos Vergara;FEMENINO;1994/8/30;FONASA;1274897;1313143.9100000001
19.720.286-0;Andrea Valeria Castro RodrÃ­guez;FEMENINO;1978/7/29;ISAPRE;1675001;1725251.03
4.499.673-9;Javier Ignacio Quiroga Rojas;MASCULINO;1966/11/13;FONASA;435859;448934.77
6.885.334-5;Isabel Valeria RodrÃ­guez LÃ³pez;FEMENINO;1972/11/0;ISAPRE;302038;311099.14
4.627.835-3;Isabel Javiera MuÃ±oz Saavedra;FEMENINO;1993/11/22;FONASA;1013836;1044251.0800000001
18.765.285-7;Francisco Pablo Saavedra Robles;MASCULINO;1985/12/16;FONASA;523732;539443.96
21.739.685-1;Pedro AndrÃ©s MarÃ­n DÃ­az;MASCULINO;1974/12/6;FONASA;1503620;1548728.6
19.421.109-7;Constanza Blanca Quiroga Vergara;FEMENINO;1962/10/11;FONASA;859065;884836.9500000001
15.992.127-2;Constanza Isidora GonzÃ¡lez MuÃ±oz;FEMENINO;1993/3/5;FONASA;549889;566385.67
18.581.812-3;Valeria Cecilia GonzÃ¡lez DÃ­az;FEMENINO;1971/5/21;FONASA;1899932;1956929.96
6.991.090-8;Pamela Isidora MarÃ­n Saavedra;FEMENINO;1980/11/27;ISAPRE;1004159;1034283.77
8.887.398-0;Isabel MarÃ­a DÃ­az RodrÃ­guez;FEMENINO;1976/3/4;ISAPRE;1111109;1144442.27
7.03.147-9;Gabriel AndrÃ©s Rojas Saavedra;MASCULINO;1981/9/23;FONASA;1951383;2009924.49
8.223.629-8;Pedro Pablo Castro RodrÃ­guez;MASCULINO;1980/9/24;FONASA;1239923;1277120.69
17.684.02-4;MarÃ­a Victoria Campos Campos;FEMENINO;1999/10/23;ISAPRE;522701;538382.03
21.063.463-6;Isabel Victoria MuÃ±oz Saavedra;FEMENINO;1963/12/24;FONASA;1611917;1660274.51
8.586.053-3;Pablo RamÃ³n Valenzuela Valenzuela;MASCULINO;1963/3/6;FONASA;1209360;1245640.8
10.883.745-7;Cecilia Ignacia Quiroga LÃ³pez;FEMENINO;1969/2/14;ISAPRE;1024053;1054774.59
12.584.114-9;Daniela Blanca Rojas Valenzuela;FEMENINO;1960/9/14;FONASA;794560;818396.8
19.500.328-3;Gabriel Bernardo Castro Robles;MASCULINO;1975/5/4;ISAPRE;1046691;1078091.73
14.010.087-0;AndrÃ©s Juan RodrÃ­guez Ruiz;MASCULINO;1995/7/16;FONASA;453605;467213.15
17.331.522-4;Felipe Gabriel MarÃ­n Saavedra;MASCULINO;1961/5/13;FONASA;309950;319248.5
21.854.429-4;Cecilia MarÃ­a MarÃ­n Saavedra;FEMENINO;1989/7/20;FONASA;1357733;1398464.99
20.130.086-2;Paula Blanca GonzÃ¡lez Robles;FEMENINO;1976/6/19;FONASA;374256;385483.68
10.859.660-3;Alejandro Juan Vergara Quiroga;MASCULINO;1975/9/14;FONASA;1925471;1983235.1300000001
8.778.149-8;Pedro Felipe RodrÃ­guez RodrÃ­guez;MASCULINO;1969/11/30;FONASA;907020;934230.6
4.584.391-3;Pamela Andrea RodrÃ­guez Quiroga;FEMENINO;1987/3/14;ISAPRE;1694471;1745305.1300000001
15.601.107-5;Constanza Daniela MuÃ±oz MarÃ­n;FEMENINO;1999/9/0;FONASA;1575926;1623203.78
18.565.661-0;Gabriel Francisco LÃ³pez Campos;MASCULINO;1962/11/6;ISAPRE;983545;1013051.35
10.798.490-8;Constanza Javiera MuÃ±oz RodrÃ­guez;FEMENINO;1997/9/2;FONASA;1021601;1052249.03
15.652.152-3;Felipe Alejandro Ruiz MarÃ­n;MASCULINO;2000/11/27;FONASA;366459;377452.77
17.601.732-8;Pamela Daniela MarÃ­n Vergara;FEMENINO;1973/7/6;ISAPRE;1268581;1306638.43
5.122.717-2;Francisco Alejandro Rojas Castro;MASCULINO;1986/5/25;ISAPRE;1463614;1507522.42
7.776.411-8;Vicente Rodrigo Saavedra MarÃ­n;MASCULINO;1990/7/17;ISAPRE;1404121;1446244.6300000001
21.016.355-7;Javiera Andrea DÃ­az Ruiz;FEMENINO;1978/9/17;FONASA;466961;480969.83
7.054.07-8;Pablo Rodrigo MarÃ­n RodrÃ­guez;MASCULINO;1976/6/0;ISAPRE;911459;938802.77
7.552.495-0;Andrea Isidora DÃ­az Vergara;FEMENINO;1968/4/25;FONASA;319499;329083.97000000003
8.258.073-8;Bernardo Felipe MarÃ­n Saavedra;MASCULINO;1999/5/1;FONASA;1920375;1977986.25
18.884.581-0;Javier Rodrigo GonzÃ¡lez Ruiz;MASCULINO;1969/11/13;ISAPRE;1710369;1761680.07
11.266.971-9;Pamela Isabel GonzÃ¡lez Quiroga;FEMENINO;1974/12/20;FONASA;334346;344376.38
5.846.676-2;Ignacia Pamela GonzÃ¡lez LÃ³pez;FEMENINO;1977/10/1;ISAPRE;710155;731459.65
14.713.279-7;Paula Cecilia RodrÃ­guez DÃ­az;FEMENINO;1971/11/30;FONASA;1901288;1958326.6400000001
5.466.613-7;Paula Ignacia LÃ³pez Valenzuela;FEMENINO;1985/8/0;FONASA;678054;698395.62
7.770.236-8;Bernardo Pablo Rojas Ruiz;MASCULINO;1970/1/13;FONASA;129250;133127.5
10.843.065-9;Pedro Ignacio Campos RodrÃ­guez;MASCULINO;1981/8/28;ISAPRE;970364;999474.92
16.635.928-4;Constanza Victoria Quiroga DÃ­az;FEMENINO;1967/2/4;FONASA;1165542;1200508.26
7.326.623-2;Paula Pamela Rojas MuÃ±oz;FEMENINO;1993/8/6;FONASA;1852907;1908494.21
5.896.933-0;Javier Vicente Rojas MuÃ±oz;MASCULINO;1989/2/4;FONASA;395619;407487.57
14.449.051-7;Andrea Paula Robles Quiroga;FEMENINO;1964/1/2;FONASA;479824;494218.72000000003
18.084.777-7;Pedro RamÃ³n Rojas Quiroga;MASCULINO;1968/8/25;FONASA;1270516;1308631.48
8.571.441-8;Rodrigo Juan DÃ­az Vergara;MASCULINO;1963/5/5;FONASA;1213817;1250231.51
20.440.539-2;Vicente Alejandro Vergara Valenzuela;MASCULINO;1983/4/9;ISAPRE;1740173;1792378.19
19.453.283-8;Pamela Paula Valenzuela DÃ­az;FEMENINO;1987/2/22;FONASA;1818413;1872965.3900000001
11.165.984-1;Pamela Constanza RodrÃ­guez MarÃ­n;FEMENINO;1982/6/25;ISAPRE;522147;537811.41
13.794.574-5;Gabriel AndrÃ©s Quiroga MarÃ­n;MASCULINO;1967/6/6;FONASA;907828;935062.84
10.055.463-7;Daniela Pamela Campos Robles;FEMENINO;1968/7/12;ISAPRE;1834198;1889223.94
13.619.655-0;Isidora Isidora Vergara Robles;FEMENINO;1981/1/1;ISAPRE;149568;154055.04
17.536.083-3;Javiera Blanca Campos RodrÃ­guez;FEMENINO;1974/2/27;FONASA;1768009;1821049.27
16.822.154-1;AndrÃ©s RamÃ³n LÃ³pez Saavedra;MASCULINO;1990/7/17;ISAPRE;264088;272010.64
5.862.330-5;Isidora Andrea Valenzuela Saavedra;FEMENINO;1976/4/7;FONASA;1949036;2007507.08
12.568.750-3;RamÃ³n AndrÃ©s GonzÃ¡lez MuÃ±oz;MASCULINO;1977/7/24;FONASA;1646165;1695549.95
18.778.744-7;Javier Alejandro Rojas Robles;MASCULINO;1982/3/8;FONASA;158801;163565.03
7.993.245-9;Daniela MarÃ­a GonzÃ¡lez DÃ­az;FEMENINO;1971/3/9;FONASA;1275377;1313638.31
6.423.714-2;Cecilia MarÃ­a DÃ­az Rojas;FEMENINO;1982/5/8;ISAPRE;1040469;1071683.07
14.534.01-7;Francisco Juan LÃ³pez RodrÃ­guez;MASCULINO;1996/5/17;FONASA;1766120;1819103.6
10.950.729-1;Javiera Valeria Campos Robles;FEMENINO;1993/6/17;FONASA;398305;410254.15
4.258.796-2;Blanca Andrea LÃ³pez Saavedra;FEMENINO;1981/10/27;ISAPRE;1846447;1901840.4100000001
21.425.648-2;Rodrigo Rodrigo Valenzuela DÃ­az;MASCULINO;1997/10/26;ISAPRE;239530;246715.9
20.454.958-8;Pamela Blanca MuÃ±oz GonzÃ¡lez;FEMENINO;1985/7/14;ISAPRE;1404788;1446931.6400000001
11.293.711-3;Andrea Cecilia Valenzuela Campos;FEMENINO;1986/6/8;FONASA;1234978;1272027.34
19.422.637-0;Daniela Paula DÃ­az Vergara;FEMENINO;1980/8/28;ISAPRE;1812861;1867246.83
5.482.973-5;Alejandro Pedro Vergara Robles;MASCULINO;1968/4/13;ISAPRE;1986104;2045687.12
11.671.786-1;Cecilia Valeria Vergara GonzÃ¡lez;FEMENINO;1994/1/25;ISAPRE;253392;260993.76
8.179.910-3;RamÃ³n Javier RodrÃ­guez Robles;MASCULINO;1981/9/6;FONASA;633325;652324.75
11.100.735-7;Pedro Rodrigo DÃ­az RodrÃ­guez;MASCULINO;1999/5/10;FONASA;1854688;1910328.6400000001
9.061.673-8;Gabriel Juan MarÃ­n RodrÃ­guez;MASCULINO;1974/4/20;FONASA;1770997;1824126.9100000001
17.480.376-8;Felipe RamÃ³n Valenzuela Robles;MASCULINO;1968/5/14;FONASA;220070;226672.1
8.763.976-6;Pablo Vicente Vergara MarÃ­n;MASCULINO;1990/9/21;ISAPRE;524345;540075.35
17.056.597-0;Francisco Ignacio LÃ³pez Ruiz;MASCULINO;1970/4/17;FONASA;790411;814123.3300000001
10.055.929-2;Constanza Blanca Vergara RodrÃ­guez;FEMENINO;1983/8/8;ISAPRE;1072033;1104193.99
6.750.814-1;Valeria Valeria Castro Castro;FEMENINO;1978/9/4;FONASA;317452;326975.56
12.837.517-7;Pablo Ignacio Campos GonzÃ¡lez;MASCULINO;1976/3/13;FONASA;1832210;1887176.3
9.448.715-8;Isabel MarÃ­a Saavedra Saavedra;FEMENINO;1975/4/30;ISAPRE;506063;521244.89
20.857.845-1;Victoria Ignacia MuÃ±oz MarÃ­n;FEMENINO;1993/4/9;FONASA;488092;502734.76
19.582.597-7;Francisco AndrÃ©s MuÃ±oz Vergara;MASCULINO;1969/6/30;FONASA;1952491;2011065.73
16.155.602-8;Vicente RamÃ³n Robles MuÃ±oz;MASCULINO;1999/6/2;FONASA;759974;782773.22
7.643.572-5;AndrÃ©s Francisco Saavedra Campos;MASCULINO;1966/2/14;FONASA;1895077;1951929.31
13.322.497-7;Javiera Valeria DÃ­az Valenzuela;FEMENINO;1968/1/11;FONASA;871488;897632.64
20.474.679-9;Javier Javier Castro Quiroga;MASCULINO;1992/12/1;ISAPRE;1844105;1899428.1500000001
20.050.493-1;Daniela Valeria Castro Vergara;FEMENINO;1991/2/0;FONASA;1529175;1575050.25
18.361.475-5;Constanza Pamela Rojas Quiroga;FEMENINO;1975/10/19;ISAPRE;1099773;1132766.19
11.379.721-6;Gabriel Felipe Ruiz LÃ³pez;MASCULINO;1983/1/27;FONASA;1598902;1646869.06
20.639.486-9;Blanca Andrea Ruiz Rojas;FEMENINO;1963/8/11;ISAPRE;1137996;1172135.8800000001
15.801.876-7;Andrea Paula Saavedra Saavedra;FEMENINO;1985/6/16;ISAPRE;407855;420090.65
8.184.172-7;Pablo AndrÃ©s MuÃ±oz MarÃ­n;MASCULINO;1999/4/25;ISAPRE;466142;480126.26
13.748.652-2;Pablo Francisco DÃ­az Valenzuela;MASCULINO;1985/3/27;FONASA;1457349;1501069.47
5.156.684-2;Blanca Isabel Vergara Vergara;FEMENINO;1975/2/1;ISAPRE;1508240;1553487.2
7.137.768-7;Ignacia Constanza MarÃ­n RodrÃ­guez;FEMENINO;1993/12/27;ISAPRE;1478660;1523019.8
5.452.331-5;Bernardo Pedro Robles Robles;MASCULINO;1990/3/10;ISAPRE;1214138;1250562.1400000001
5.201.660-0;Paula Victoria Castro RodrÃ­guez;FEMENINO;1972/1/8;FONASA;1679967;1730366.01
12.088.877-9;Valeria MarÃ­a MarÃ­n RodrÃ­guez;FEMENINO;1975/7/26;ISAPRE;732642;754621.26
5.955.146-8;Ignacia Isabel Vergara RodrÃ­guez;FEMENINO;1982/3/6;ISAPRE;1888632;1945290.96
21.374.279-3;Pedro Juan Rojas Saavedra;MASCULINO;1994/7/17;FONASA;966326;995315.78
9.078.453-2;Constanza Javiera Rojas RodrÃ­guez;FEMENINO;1967/12/10;FONASA;418796;431359.88
15.117.352-6;Pablo Felipe Robles MarÃ­n;MASCULINO;1979/4/2;ISAPRE;1283584;1322091.52
13.526.370-0;Blanca Victoria GonzÃ¡lez Saavedra;FEMENINO;1979/4/29;ISAPRE;1650950;1700478.5
5.635.782-1;Javier Francisco GonzÃ¡lez Rojas;MASCULINO;1999/7/30;FONASA;325504;335269.12
5.118.948-5;Pamela Pamela RodrÃ­guez Ruiz;FEMENINO;1995/1/9;FONASA;1171018;1206148.54
8.105.936-8;Rodrigo Rodrigo DÃ­az Vergara;MASCULINO;1990/9/17;ISAPRE;1764069;1816991.07
9.463.720-4;Victoria Constanza Vergara Valenzuela;FEMENINO;1968/7/14;ISAPRE;873492;899696.76
12.640.304-1;Cecilia Ignacia GonzÃ¡lez LÃ³pez;FEMENINO;1971/5/13;FONASA;909495;936779.85
11.803.466-3;Vicente Ignacio Campos Vergara;MASCULINO;1999/12/4;FONASA;476732;491033.96
12.887.540-5;Pablo Vicente Rojas Ruiz;MASCULINO;1982/7/8;FONASA;749524;772009.72
4.790.596-1;Javier Javier Saavedra Robles;MASCULINO;1969/12/7;FONASA;1461567;1505414.01
17.852.763-5;MarÃ­a Isidora RodrÃ­guez LÃ³pez;FEMENINO;1993/5/5;FONASA;428541;441397.23000000004
18.283.212-0;Javiera Ignacia Castro GonzÃ¡lez;FEMENINO;1976/12/21;FONASA;1039659;1070848.77
21.560.059-2;Javiera Cecilia Quiroga MarÃ­n;FEMENINO;1990/8/13;ISAPRE;349952;360450.56
19.341.320-2;Pedro Pablo Vergara Rojas;MASCULINO;1990/9/1;FONASA;1149575;1184062.25
16.680.522-5;Bernardo AndrÃ©s MuÃ±oz Quiroga;MASCULINO;1993/10/19;FONASA;989321;1019000.63
19.316.893-2;Blanca Isidora Campos Rojas;FEMENINO;1995/7/16;ISAPRE;1620527;1669142.81
21.044.790-7;Valeria Blanca LÃ³pez GonzÃ¡lez;FEMENINO;1962/9/15;FONASA;1598726;1646687.78
11.713.873-1;Cecilia Javiera Rojas Quiroga;FEMENINO;1962/3/4;FONASA;1918823;1976387.69
11.744.490-6;Daniela Cecilia Castro RodrÃ­guez;FEMENINO;1975/12/13;ISAPRE;1931009;1988939.27
16.363.999-2;Vicente Pablo LÃ³pez MarÃ­n;MASCULINO;1961/1/30;FONASA;1042393;1073664.79
16.105.951-9;Gabriel Felipe MuÃ±oz RodrÃ­guez;MASCULINO;1976/11/4;FONASA;911015;938345.4500000001
16.379.820-6;Constanza Isidora Ruiz MarÃ­n;FEMENINO;1991/5/5;ISAPRE;1807069;1861281.07
10.173.644-5;Pamela MarÃ­a Castro RodrÃ­guez;FEMENINO;1984/2/1;FONASA;182579;188056.37
8.512.732-8;Valeria Victoria MuÃ±oz Rojas;FEMENINO;1964/3/26;FONASA;1719580;1771167.4000000001
6.168.108-4;Isidora Paula Valenzuela MuÃ±oz;FEMENINO;1983/7/25;FONASA;787932;811569.9600000001
14.206.768-4;Vicente Alejandro LÃ³pez Robles;MASCULINO;2000/3/21;FONASA;306094;315276.82
17.396.864-3;Pamela Ignacia Robles RodrÃ­guez;FEMENINO;1962/1/3;ISAPRE;215005;221455.15
15.476.343-2;Cecilia Andrea DÃ­az RodrÃ­guez;FEMENINO;1975/12/4;FONASA;983952;1013470.56
12.869.284-3;Francisco Juan Castro Quiroga;MASCULINO;1999/5/24;FONASA;253860;261475.80000000002
17.389.781-6;Vicente Ignacio Quiroga Campos;MASCULINO;1992/8/26;FONASA;1212166;1248530.98
12.487.446-3;Pablo Alejandro Vergara DÃ­az;MASCULINO;1996/1/28;ISAPRE;573956;591174.68
16.439.448-7;Gabriel Vicente Campos Saavedra;MASCULINO;1986/11/4;FONASA;1747954;1800392.62
12.862.360-2;Valeria Isabel RodrÃ­guez GonzÃ¡lez;FEMENINO;1963/3/15;FONASA;584238;601765.14
8.863.263-4;AndrÃ©s Bernardo Rojas Castro;MASCULINO;1978/4/1;FONASA;1105588;1138755.6400000001
11.107.654-3;Ignacia Daniela RodrÃ­guez MarÃ­n;FEMENINO;1992/3/21;ISAPRE;1804215;1858341.45
4.480.579-4;Felipe Juan RodrÃ­guez Valenzuela;MASCULINO;1989/9/17;FONASA;1762842;1815727.26
16.736.238-7;Alejandro Gabriel Vergara MarÃ­n;MASCULINO;1965/11/15;FONASA;1564124;1611047.72
21.449.526-4;Pablo Vicente DÃ­az Saavedra;MASCULINO;1965/8/7;ISAPRE;1592227;1639993.81
21.737.695-4;Pamela Andrea RodrÃ­guez Quiroga;FEMENINO;1966/7/30;ISAPRE;1659100;1708873.0
18.211.483-1;Juan Bernardo LÃ³pez RodrÃ­guez;MASCULINO;1984/1/5;FONASA;1912104;1969467.12
19.653.158-7;Ignacio RamÃ³n Quiroga Castro;MASCULINO;1993/2/15;FONASA;1676279;1726567.37
9.881.074-1;Isidora Paula RodrÃ­guez Saavedra;FEMENINO;1970/8/14;FONASA;981030;1010460.9
4.509.100-2;Valeria Pamela MuÃ±oz Robles;FEMENINO;1975/1/1;ISAPRE;227739;234571.17
5.673.839-2;Alejandro Bernardo MuÃ±oz Robles;MASCULINO;1990/10/14;FONASA;1311109;1350442.27
16.319.194-7;Bernardo Francisco DÃ­az Vergara;MASCULINO;1970/11/20;ISAPRE;1320465;1360078.95
14.846.172-2;Ignacio Rodrigo Ruiz LÃ³pez;MASCULINO;1991/3/15;FONASA;383971;395490.13
7.212.657-6;Valeria Valeria DÃ­az LÃ³pez;FEMENINO;1993/9/8;FONASA;144255;148582.65
4.947.525-7;MarÃ­a Javiera MuÃ±oz Campos;FEMENINO;1995/10/4;FONASA;564229;581155.87
16.974.127-6;Gabriel Pedro Quiroga RodrÃ­guez;MASCULINO;1969/7/19;FONASA;179614;185002.42
17.349.270-1;Paula Isabel MarÃ­n LÃ³pez;FEMENINO;1996/10/3;FONASA;1715052;1766503.56
6.576.119-4;Vicente AndrÃ©s Campos Vergara;MASCULINO;1987/6/7;FONASA;666492;686486.76
12.052.674-8;Juan AndrÃ©s LÃ³pez Valenzuela;MASCULINO;1987/12/18;FONASA;219409;225991.27000000002
20.562.330-1;Javier Bernardo RodrÃ­guez DÃ­az;MASCULINO;1988/10/12;FONASA;126734;130536.02
4.689.398-1;Victoria Andrea DÃ­az MuÃ±oz;FEMENINO;2000/5/2;ISAPRE;525597;541364.91
11.713.180-5;Gabriel RamÃ³n RodrÃ­guez Ruiz;MASCULINO;1998/12/21;ISAPRE;1748991;1801460.73
12.052.644-0;Javiera Cecilia Castro Valenzuela;FEMENINO;1978/6/7;FONASA;1427443;1470266.29
6.976.614-7;Francisco AndrÃ©s Ruiz Ruiz;MASCULINO;1993/7/9;FONASA;1887907;1944544.21
8.184.810-9;Francisco Francisco Saavedra MarÃ­n;MASCULINO;1975/6/16;FONASA;1364261;1405188.83
4.938.981-8;Isabel Valeria Campos Castro;FEMENINO;1982/8/6;FONASA;383424;394926.72000000003
8.712.202-8;Juan Francisco RodrÃ­guez Campos;MASCULINO;1962/12/27;FONASA;560724;577545.72
18.899.312-8;AndrÃ©s Gabriel MuÃ±oz Saavedra;MASCULINO;1984/6/0;FONASA;1221992;1258651.76
16.472.374-4;Francisco Ignacio Rojas Saavedra;MASCULINO;1969/9/1;FONASA;1031981;1062940.43
18.914.625-2;Cecilia Javiera MarÃ­n LÃ³pez;FEMENINO;2000/1/8;ISAPRE;1849826;1905320.78
14.038.370-6;Andrea Valeria Quiroga GonzÃ¡lez;FEMENINO;1989/9/15;FONASA;848059;873500.77
10.711.467-4;Pamela Pamela Robles Campos;FEMENINO;1988/2/13;FONASA;1060941;1092769.23
21.553.711-7;RamÃ³n Pedro Robles Vergara;MASCULINO;2000/5/4;FONASA;863602;889510.06
14.023.441-8;Bernardo AndrÃ©s LÃ³pez RodrÃ­guez;MASCULINO;1978/8/9;FONASA;1242844;1280129.32
18.528.624-8;Blanca Blanca Castro Vergara;FEMENINO;1999/7/9;FONASA;1452514;1496089.42
7.398.839-5;Rodrigo Ignacio Ruiz Vergara;MASCULINO;1996/2/3;FONASA;714298;735726.9400000001
20.063.243-9;AndrÃ©s RamÃ³n Rojas RodrÃ­guez;MASCULINO;1994/3/24;FONASA;1806200;1860386.0
13.223.440-4;Isabel Isabel Quiroga Quiroga;FEMENINO;1960/3/8;ISAPRE;1085364;1117924.92
13.541.407-6;Andrea Valeria MuÃ±oz GonzÃ¡lez;FEMENINO;1965/4/19;ISAPRE;474466;488699.98000000004
17.672.539-9;Daniela Victoria RodrÃ­guez MarÃ­n;FEMENINO;1995/2/27;FONASA;1995614;2055482.4200000002
16.714.629-0;Ignacia Isidora RodrÃ­guez Valenzuela;FEMENINO;1991/11/24;ISAPRE;1675350;1725610.5
21.777.326-3;Ignacio Francisco MuÃ±oz MarÃ­n;MASCULINO;1995/4/5;FONASA;434101;447124.03
13.522.881-1;Blanca Daniela Castro RodrÃ­guez;FEMENINO;1978/10/22;ISAPRE;1833392;1888393.76
5.494.189-9;Francisco Bernardo Rojas Saavedra;MASCULINO;1972/3/22;FONASA;1360866;1401691.98
13.013.01-2;Bernardo Bernardo Saavedra LÃ³pez;MASCULINO;1996/5/29;FONASA;1063553;1095459.59
11.545.996-7;Paula Javiera Campos MuÃ±oz;FEMENINO;1967/5/7;FONASA;1181250;1216687.5
15.203.771-4;Pablo Francisco Quiroga LÃ³pez;MASCULINO;1979/6/28;ISAPRE;1919728;1977319.84
16.091.944-2;Felipe AndrÃ©s Saavedra Castro;MASCULINO;1971/8/16;ISAPRE;1277826;1316160.78
10.886.088-1;Andrea Valeria Rojas Valenzuela;FEMENINO;1978/7/11;FONASA;678348;698698.4400000001
6.388.024-5;Paula Ignacia Valenzuela LÃ³pez;FEMENINO;1994/10/0;FONASA;1699999;1750998.97
9.967.407-1;Vicente RamÃ³n Quiroga Rojas;MASCULINO;1993/7/9;ISAPRE;763254;786151.62
20.240.249-4;Cecilia Paula RodrÃ­guez Campos;FEMENINO;1976/3/12;ISAPRE;1245177;1282532.31
13.532.04-7;Ignacio AndrÃ©s RodrÃ­guez Saavedra;MASCULINO;1979/5/15;FONASA;1716075;1767557.25
11.929.379-0;Blanca Andrea Valenzuela Quiroga;FEMENINO;1960/3/10;FONASA;1637241;1686358.23
6.344.02-7;AndrÃ©s Gabriel Robles DÃ­az;MASCULINO;1991/7/23;FONASA;1552196;1598761.8800000001
21.793.495-3;Isabel Daniela Saavedra Campos;FEMENINO;1961/6/10;FONASA;770665;793784.9500000001
20.200.135-8;Andrea Isidora GonzÃ¡lez Rojas;FEMENINO;1982/3/30;FONASA;804547;828683.41
6.600.137-3;Felipe Francisco Castro Castro;MASCULINO;1983/6/2;ISAPRE;1012489;1042863.67
8.237.682-6;Andrea Isidora Rojas Valenzuela;FEMENINO;1976/5/10;FONASA;1942361;2000631.83
8.697.935-1;Bernardo Pablo LÃ³pez Robles;MASCULINO;1991/2/26;ISAPRE;1649551;1699037.53
13.961.981-7;MarÃ­a MarÃ­a Castro Robles;FEMENINO;1975/3/16;FONASA;571967;589126.01
15.089.396-8;Andrea Pamela Robles Robles;FEMENINO;1976/10/9;ISAPRE;429267;442145.01
18.437.211-6;Bernardo Juan MuÃ±oz Quiroga;MASCULINO;1977/6/17;FONASA;825800;850574.0
6.927.511-0;Isidora Javiera LÃ³pez DÃ­az;FEMENINO;1988/3/9;FONASA;828616;853474.48
18.308.766-4;Cecilia Pamela Campos Ruiz;FEMENINO;2000/12/0;FONASA;127606;131434.18
17.978.816-6;Javiera Victoria Rojas MarÃ­n;FEMENINO;1996/2/15;ISAPRE;1428229;1471075.87
20.570.665-1;Ignacio RamÃ³n MuÃ±oz DÃ­az;MASCULINO;1969/12/24;FONASA;1109956;1143254.68
18.406.977-3;Constanza Daniela Campos Quiroga;FEMENINO;1979/7/0;FONASA;952890;981476.7000000001
11.967.121-6;Pablo Gabriel RodrÃ­guez Valenzuela;MASCULINO;1978/8/0;ISAPRE;287120;295733.60000000003
17.964.252-8;Victoria Constanza MarÃ­n RodrÃ­guez;FEMENINO;1976/2/14;FONASA;1108010;1141250.3
17.416.815-4;Pedro AndrÃ©s Rojas Vergara;MASCULINO;1990/12/6;ISAPRE;1221108;1257741.24
7.201.886-6;Daniela Constanza GonzÃ¡lez RodrÃ­guez;FEMENINO;1970/8/29;FONASA;330051;339952.53
19.396.530-5;Isabel Andrea Robles Rojas;FEMENINO;1987/11/24;FONASA;1458426;1502178.78
5.825.250-5;Blanca Paula Vergara RodrÃ­guez;FEMENINO;1969/7/0;FONASA;490069;504771.07
7.118.797-0;RamÃ³n Bernardo Saavedra RodrÃ­guez;MASCULINO;1962/6/11;FONASA;1516943;1562451.29
11.651.768-1;MarÃ­a Javiera Quiroga LÃ³pez;FEMENINO;1983/6/30;FONASA;346799;357202.97000000003
5.376.237-0;Pablo Pedro DÃ­az LÃ³pez;MASCULINO;1966/10/25;FONASA;1576287;1623575.61
11.660.077-1;Isidora Valeria RodrÃ­guez Castro;FEMENINO;1993/5/21;ISAPRE;521883;537539.49
9.055.601-4;Isabel Ignacia LÃ³pez Saavedra;FEMENINO;1998/3/12;FONASA;799725;823716.75
18.632.781-9;Paula Blanca Campos MarÃ­n;FEMENINO;1983/12/13;ISAPRE;414948;427396.44
5.760.904-6;AndrÃ©s Bernardo Saavedra MarÃ­n;MASCULINO;1964/3/13;FONASA;1034095;1065117.85
5.743.349-9;Ignacio Francisco Castro Rojas;MASCULINO;1995/3/14;ISAPRE;419452;432035.56
10.914.711-8;Gabriel Juan Quiroga MarÃ­n;MASCULINO;1999/4/20;FONASA;486546;501142.38
15.569.233-5;Rodrigo RamÃ³n GonzÃ¡lez MuÃ±oz;MASCULINO;1993/9/11;FONASA;1926917;1984724.51
21.198.770-0;Javiera Constanza Castro Ruiz;FEMENINO;1988/3/28;ISAPRE;583301;600800.03
5.678.767-4;Gabriel Pedro RodrÃ­guez Castro;MASCULINO;1961/5/4;ISAPRE;1942760;2001042.8
5.145.455-8;Isidora Isidora Valenzuela Quiroga;FEMENINO;1987/2/21;FONASA;206290;212478.7
10.742.393-7;Bernardo Alejandro Robles LÃ³pez;MASCULINO;1971/4/13;FONASA;782800;806284.0
14.871.274-8;MarÃ­a Constanza Robles Valenzuela;FEMENINO;1971/11/16;ISAPRE;1315163;1354617.8900000001
14.643.520-1;Juan Ignacio Quiroga Campos;MASCULINO;1992/2/19;FONASA;399137;411111.11
11.779.952-8;Pamela Blanca MuÃ±oz Ruiz;FEMENINO;1987/2/1;FONASA;155411;160073.33000000002
21.673.463-7;Cecilia Javiera Robles MarÃ­n;FEMENINO;1983/4/29;ISAPRE;1968895;2027961.85
4.464.429-4;Javiera Daniela Vergara DÃ­az;FEMENINO;1976/6/25;ISAPRE;191000;196730.0
15.317.679-1;Javier Ignacio GonzÃ¡lez RodrÃ­guez;MASCULINO;1996/10/30;ISAPRE;1314723;1354164.69
21.274.217-5;Rodrigo AndrÃ©s MuÃ±oz MarÃ­n;MASCULINO;1964/5/19;FONASA;1585081;1632633.43
15.270.363-4;Francisco RamÃ³n Vergara DÃ­az;MASCULINO;1981/8/23;FONASA;720862;742487.86
8.683.633-0;Constanza Isidora LÃ³pez Valenzuela;FEMENINO;1984/11/3;FONASA;1404590;1446727.7
5.151.941-1;Pedro Bernardo Saavedra MuÃ±oz;MASCULINO;2000/3/3;ISAPRE;1045520;1076885.6
4.997.622-4;Valeria Andrea Vergara Vergara;FEMENINO;1978/7/30;ISAPRE;1513851;1559266.53
6.523.636-8;Juan Bernardo MarÃ­n Valenzuela;MASCULINO;1968/10/4;ISAPRE;1773994;1827213.82
9.056.227-8;Pamela Javiera MuÃ±oz LÃ³pez;FEMENINO;2000/8/8;FONASA;1921865;1979520.95
14.836.901-4;Pablo Javier Robles Saavedra;MASCULINO;1981/4/13;FONASA;1744000;1796320.0
7.243.579-7;Juan Gabriel Saavedra DÃ­az;MASCULINO;1995/7/17;FONASA;1956465;2015158.95
6.549.232-7;AndrÃ©s Javier Saavedra RodrÃ­guez;MASCULINO;1987/10/17;FONASA;1250923;1288450.69
10.174.226-6;Javier Gabriel Ruiz Saavedra;MASCULINO;1999/4/8;ISAPRE;364755;375697.65
6.609.622-0;Felipe AndrÃ©s Rojas RodrÃ­guez;MASCULINO;1985/11/13;FONASA;725773;747546.1900000001
7.669.069-9;Pedro Juan Rojas Saavedra;MASCULINO;1962/9/28;FONASA;772747;795929.41
10.450.043-1;Javiera Victoria MuÃ±oz DÃ­az;FEMENINO;1996/2/24;ISAPRE;1970337;2029447.11
16.477.019-7;RamÃ³n Pablo Rojas Valenzuela;MASCULINO;1973/4/3;FONASA;1651348;1700888.44
10.108.492-8;Pedro Pablo Rojas Saavedra;MASCULINO;1987/5/27;FONASA;1258317;1296066.51
15.705.279-9;AndrÃ©s Javier Campos Quiroga;MASCULINO;1964/7/16;ISAPRE;463276;477174.28
7.084.297-7;Andrea Cecilia Castro Robles;FEMENINO;1987/5/27;FONASA;1131361;1165301.83
20.589.541-3;Vicente Pablo RodrÃ­guez Robles;MASCULINO;1985/3/9;FONASA;705735;726907.05
4.852.367-5;Ignacia Isabel Ruiz RodrÃ­guez;FEMENINO;1969/5/3;FONASA;1099163;1132137.8900000001
21.536.586-1;Felipe Gabriel LÃ³pez Rojas;MASCULINO;1989/12/1;FONASA;1808239;1862486.1700000002
12.936.982-4;RamÃ³n AndrÃ©s Castro MuÃ±oz;MASCULINO;1981/2/19;FONASA;1178525;1213880.75
16.491.237-1;Felipe RamÃ³n Castro GonzÃ¡lez;MASCULINO;1973/12/16;FONASA;1675819;1726093.57
12.620.154-8;AndrÃ©s Felipe DÃ­az GonzÃ¡lez;MASCULINO;1967/12/18;FONASA;172531;177706.93
7.960.611-4;RamÃ³n Ignacio Campos DÃ­az;MASCULINO;1991/12/24;FONASA;722185;743850.55
16.566.679-4;Ignacio Bernardo Castro Castro;MASCULINO;1995/10/7;FONASA;1829976;1884875.28
17.871.389-4;Bernardo Francisco GonzÃ¡lez Ruiz;MASCULINO;1964/1/3;FONASA;1537496;1583620.8800000001
14.429.448-9;Victoria Cecilia RodrÃ­guez RodrÃ­guez;FEMENINO;1963/4/7;FONASA;1505889;1551065.67
13.954.283-4;Pablo Ignacio RodrÃ­guez Castro;MASCULINO;1967/9/30;ISAPRE;578063;595404.89
16.429.738-1;MarÃ­a Victoria Campos MarÃ­n;FEMENINO;1997/6/17;FONASA;878519;904874.5700000001
5.790.660-6;Gabriel Francisco LÃ³pez MuÃ±oz;MASCULINO;1960/5/28;ISAPRE;1750832;1803356.96
13.681.061-1;Pablo Felipe Valenzuela DÃ­az;MASCULINO;1967/11/23;FONASA;378783;390146.49
13.241.512-8;Victoria Javiera GonzÃ¡lez Ruiz;FEMENINO;1969/9/12;FONASA;1119802;1153396.06
19.802.433-8;Isidora Cecilia LÃ³pez Quiroga;FEMENINO;1974/3/19;FONASA;1861131;1916964.93
17.301.498-8;Juan Gabriel LÃ³pez Ruiz;MASCULINO;1995/10/26;FONASA;1011968;1042327.04
20.248.465-1;Pamela Blanca Robles RodrÃ­guez;FEMENINO;1972/8/13;ISAPRE;1770902;1824029.06
14.029.798-8;Rodrigo Bernardo Vergara Castro;MASCULINO;1979/3/11;FONASA;677359;697679.77
20.104.397-8;Pablo Vicente Castro Castro;MASCULINO;1965/9/25;FONASA;1524513;1570248.3900000001
6.143.290-8;Juan Javier Campos MuÃ±oz;MASCULINO;2000/2/26;ISAPRE;1418610;1461168.3
20.233.758-6;AndrÃ©s Juan RodrÃ­guez MarÃ­n;MASCULINO;1977/4/14;FONASA;1511937;1557295.11
15.305.683-5;MarÃ­a Daniela Ruiz Vergara;FEMENINO;1967/8/30;FONASA;638858;658023.74
14.280.125-4;Juan Gabriel Robles GonzÃ¡lez;MASCULINO;1995/8/1;ISAPRE;1338923;1379090.69
14.364.039-5;Ignacio Alejandro RodrÃ­guez LÃ³pez;MASCULINO;1990/2/12;FONASA;1636396;1685487.8800000001
4.348.225-1;Isabel Pamela Quiroga Quiroga;FEMENINO;1968/7/18;FONASA;867122;893135.66
7.984.336-0;Rodrigo Rodrigo DÃ­az RodrÃ­guez;MASCULINO;1990/10/22;FONASA;1018223;1048769.69
17.644.117-3;Blanca Andrea Campos LÃ³pez;FEMENINO;1975/2/22;FONASA;1157980;1192719.4000000001
5.783.070-5;Constanza Valeria RodrÃ­guez Saavedra;FEMENINO;1989/7/23;FONASA;1656221;1705907.6300000001
20.258.229-5;AndrÃ©s Pablo RodrÃ­guez Valenzuela;MASCULINO;1975/4/20;ISAPRE;1885229;1941785.87
11.226.221-0;Ignacio Bernardo Ruiz MarÃ­n;MASCULINO;1999/1/11;FONASA;1051478;1083022.34
15.818.644-6;Felipe Bernardo Robles MuÃ±oz;MASCULINO;1999/3/23;ISAPRE;1284611;1323149.33
9.189.603-1;Felipe Vicente Valenzuela LÃ³pez;MASCULINO;1988/12/24;FONASA;1236739;1273841.17
21.967.425-2;Alejandro Francisco GonzÃ¡lez MuÃ±oz;MASCULINO;1983/9/4;FONASA;180188;185593.64
21.347.791-0;RamÃ³n Bernardo MuÃ±oz LÃ³pez;MASCULINO;1977/10/18;FONASA;1460787;1504610.61
15.178.214-3;Alejandro RamÃ³n Rojas DÃ­az;MASCULINO;1962/2/21;FONASA;765728;788699.84
20.601.609-9;MarÃ­a Javiera LÃ³pez Valenzuela;FEMENINO;1996/11/16;FONASA;1008079;1038321.37
11.321.437-2;Pedro Pedro MarÃ­n DÃ­az;MASCULINO;1978/7/28;FONASA;108804;112068.12000000001
8.837.910-2;Blanca Blanca RodrÃ­guez LÃ³pez;FEMENINO;1989/3/23;FONASA;1270380;1308491.4000000001
20.284.204-3;RamÃ³n AndrÃ©s GonzÃ¡lez Ruiz;MASCULINO;1978/12/26;FONASA;756667;779367.01
20.441.031-2;Ignacio Javier Quiroga Robles;MASCULINO;1990/10/11;ISAPRE;160584;165401.52000000002
15.839.930-6;Juan Pablo Campos Saavedra;MASCULINO;1974/12/25;FONASA;215773;222246.19
18.735.422-3;Pablo Juan Saavedra RodrÃ­guez;MASCULINO;1984/1/20;FONASA;1049476;1080960.28
6.173.351-0;AndrÃ©s Pedro MuÃ±oz Vergara;MASCULINO;1995/1/8;FONASA;1893974;1950793.22
15.536.565-5;RamÃ³n Pedro Castro Castro;MASCULINO;1975/2/13;FONASA;1149025;1183495.75
19.696.647-7;Javier Pedro Castro Vergara;MASCULINO;1972/4/4;FONASA;994883;1024729.49
19.499.617-8;Constanza Isabel Quiroga Quiroga;FEMENINO;1980/4/4;ISAPRE;1239202;1276378.06
13.036.475-3;Javier Juan Rojas Vergara;MASCULINO;1999/7/6;FONASA;1295822;1334696.6600000001
21.491.384-6;Juan Vicente MarÃ­n Ruiz;MASCULINO;1992/2/24;FONASA;1333125;1373118.75
10.581.478-3;Felipe Vicente Quiroga LÃ³pez;MASCULINO;1965/4/27;FONASA;1311835;1351190.05
7.587.366-3;RamÃ³n Pablo Quiroga Ruiz;MASCULINO;1971/2/18;FONASA;1544557;1590893.71
7.944.707-5;Isidora Blanca Vergara Quiroga;FEMENINO;1983/6/13;FONASA;395133;406986.99
6.369.292-4;Felipe Juan MuÃ±oz Valenzuela;MASCULINO;1996/3/4;FONASA;964265;993192.9500000001
15.435.624-5;Bernardo Rodrigo MuÃ±oz MarÃ­n;MASCULINO;1997/1/6;ISAPRE;199499;205483.97
14.773.697-9;Ignacia Blanca RodrÃ­guez Castro;FEMENINO;1968/10/12;FONASA;1464739;1508681.17
14.237.481-0;MarÃ­a Paula Quiroga RodrÃ­guez;FEMENINO;1965/3/29;FONASA;873272;899470.16
20.957.690-8;Cecilia Isidora RodrÃ­guez MarÃ­n;FEMENINO;1991/1/4;ISAPRE;630483;649397.49
18.899.077-6;Felipe Alejandro Ruiz GonzÃ¡lez;MASCULINO;1963/3/15;FONASA;870821;896945.63
18.635.234-7;Rodrigo Javier Robles Robles;MASCULINO;1989/7/20;FONASA;1944198;2002523.94
21.063.938-9;Ignacia Constanza DÃ­az MuÃ±oz;FEMENINO;1987/7/16;FONASA;736989;759098.67
20.332.143-2;Francisco Javier Saavedra Saavedra;MASCULINO;1961/1/1;FONASA;1777207;1830523.21
13.389.891-6;Javier Bernardo Robles Saavedra;MASCULINO;1995/5/0;ISAPRE;1778503;1831858.09
20.453.877-1;Ignacio Ignacio Castro Vergara;MASCULINO;1976/7/19;FONASA;498220;513166.60000000003
4.678.034-4;Bernardo AndrÃ©s Rojas Campos;MASCULINO;1960/11/5;FONASA;1032654;1063633.62
19.209.432-1;Rodrigo Javier Vergara Valenzuela;MASCULINO;1995/5/15;ISAPRE;444106;457429.18
12.130.546-9;Rodrigo Bernardo Vergara DÃ­az;MASCULINO;1963/9/24;FONASA;1330101;1370004.03
10.239.291-7;Pedro Vicente Ruiz Robles;MASCULINO;1979/1/14;ISAPRE;151557;156103.71
17.811.624-7;Juan Juan Saavedra Saavedra;MASCULINO;1992/9/1;FONASA;1355071;1395723.1300000001
21.091.209-7;Pedro Bernardo RodrÃ­guez Castro;MASCULINO;1971/5/5;FONASA;486167;500752.01
16.205.917-9;Javiera Pamela Valenzuela RodrÃ­guez;FEMENINO;1985/12/20;FONASA;1684450;1734983.5
11.969.724-0;Andrea Javiera GonzÃ¡lez RodrÃ­guez;FEMENINO;1979/9/17;ISAPRE;318224;327770.72000000003
17.703.915-8;RamÃ³n Bernardo Quiroga Campos;MASCULINO;1994/1/20;FONASA;1395407;1437269.21
15.910.661-3;Pamela Isabel Castro LÃ³pez;FEMENINO;1968/6/4;ISAPRE;801131;825164.93
17.779.449-4;Ignacio Juan RodrÃ­guez MarÃ­n;MASCULINO;1960/8/29;FONASA;1525856;1571631.68
8.334.597-9;RamÃ³n Javier Rojas MuÃ±oz;MASCULINO;1999/1/26;ISAPRE;584338;601868.14
9.653.782-7;Isidora Cecilia Castro LÃ³pez;FEMENINO;1981/12/6;FONASA;777288;800606.64
5.614.210-3;Pedro Javier GonzÃ¡lez LÃ³pez;MASCULINO;1981/12/2;ISAPRE;1862546;1918422.3800000001
18.434.658-2;Isabel Isabel RodrÃ­guez LÃ³pez;FEMENINO;1993/3/2;ISAPRE;986113;1015696.39
11.522.250-2;Alejandro Ignacio MarÃ­n MarÃ­n;MASCULINO;1962/6/3;FONASA;499071;514043.13
13.326.750-2;AndrÃ©s Pablo Campos LÃ³pez;MASCULINO;1986/5/23;ISAPRE;1390054;1431755.62
5.220.765-4;Felipe Juan Castro RodrÃ­guez;MASCULINO;1983/8/13;FONASA;1124669;1158409.07
12.299.939-5;AndrÃ©s Pablo Castro Ruiz;MASCULINO;1984/3/9;FONASA;636182;655267.46
13.888.668-8;Felipe Felipe GonzÃ¡lez GonzÃ¡lez;MASCULINO;1986/3/17;FONASA;1220635;1257254.05
14.888.710-0;Valeria Daniela DÃ­az Ruiz;FEMENINO;1987/4/4;ISAPRE;360175;370980.25
11.501.548-1;Cecilia Andrea Robles Vergara;FEMENINO;1972/7/26;FONASA;875506;901771.18
18.238.272-6;Cecilia Pamela Quiroga RodrÃ­guez;FEMENINO;1982/7/0;FONASA;1297890;1336826.7
4.191.958-7;Juan Bernardo DÃ­az MuÃ±oz;MASCULINO;1967/5/6;ISAPRE;516619;532117.5700000001
4.039.899-9;Bernardo Francisco MuÃ±oz Saavedra;MASCULINO;1972/3/0;ISAPRE;1344550;1384886.5
12.783.126-9;Gabriel Pedro MarÃ­n Quiroga;MASCULINO;1961/1/13;FONASA;1786777;1840380.31
10.217.08-5;Javiera Paula Castro GonzÃ¡lez;FEMENINO;1999/6/15;FONASA;805308;829467.24
16.045.283-4;Cecilia Pamela MuÃ±oz MarÃ­n;FEMENINO;1990/7/9;ISAPRE;1132636;1166615.08
15.584.272-9;Isabel Andrea Saavedra Vergara;FEMENINO;1997/8/13;FONASA;1566701;1613702.03
21.188.758-2;Pamela Valeria Ruiz MarÃ­n;FEMENINO;1983/11/19;FONASA;361476;372320.28
9.726.767-0;Pamela Constanza MuÃ±oz Ruiz;FEMENINO;1994/6/22;ISAPRE;1802982;1857071.46
21.233.032-5;Constanza Andrea Quiroga MarÃ­n;FEMENINO;1970/12/24;ISAPRE;1148392;1182843.76
13.947.861-4;Valeria Cecilia Valenzuela DÃ­az;FEMENINO;1992/9/23;FONASA;1804997;1859146.9100000001
21.962.865-1;Andrea Ignacia RodrÃ­guez GonzÃ¡lez;FEMENINO;1978/11/6;FONASA;1134425;1168457.75
13.368.829-1;Andrea Cecilia Quiroga RodrÃ­guez;FEMENINO;1965/4/26;FONASA;1657371;1707092.1300000001
14.809.830-4;Pablo Bernardo Saavedra Rojas;MASCULINO;1995/7/13;FONASA;1253232;1290828.96
5.487.133-4;Alejandro Rodrigo RodrÃ­guez RodrÃ­guez;MASCULINO;1982/1/7;ISAPRE;1403096;1445188.8800000001
17.365.926-7;Bernardo Bernardo MarÃ­n Quiroga;MASCULINO;1973/10/1;FONASA;1433937;1476955.11
5.919.941-6;Isabel Isabel Quiroga MuÃ±oz;FEMENINO;1969/4/16;FONASA;266098;274080.94
6.517.107-1;Felipe Rodrigo Robles Ruiz;MASCULINO;1993/8/12;FONASA;138601;142759.03
9.614.088-1;Francisco Vicente LÃ³pez Castro;MASCULINO;1972/4/4;FONASA;502789;517872.67000000004
20.984.340-6;Cecilia Javiera MuÃ±oz RodrÃ­guez;FEMENINO;1964/3/27;FONASA;1915900;1973377.0
5.610.746-1;Gabriel Felipe Rojas Valenzuela;MASCULINO;1977/8/19;ISAPRE;1963328;2022227.84
11.600.922-1;Vicente Juan DÃ­az Robles;MASCULINO;1990/1/24;FONASA;1095124;1127977.72
19.414.687-0;Valeria Victoria LÃ³pez MuÃ±oz;FEMENINO;1973/3/3;FONASA;1496921;1541828.6300000001
21.067.278-2;Bernardo Javier Rojas RodrÃ­guez;MASCULINO;1966/10/13;FONASA;405112;417265.36
10.031.970-0;Valeria Constanza Campos Ruiz;FEMENINO;1968/4/21;FONASA;1440515;1483730.45
6.927.266-5;Francisco Alejandro Valenzuela Saavedra;MASCULINO;1960/3/20;FONASA;1898388;1955339.6400000001
14.312.579-5;Pablo Pablo Rojas Vergara;MASCULINO;1962/10/19;FONASA;1449067;1492539.01
4.480.772-1;Javiera Daniela Quiroga RodrÃ­guez;FEMENINO;1965/5/20;ISAPRE;1621459;1670102.77
10.440.915-9;Blanca MarÃ­a Vergara LÃ³pez;FEMENINO;1984/3/21;FONASA;460397;474208.91000000003
18.169.605-9;Juan AndrÃ©s Campos Castro;MASCULINO;1978/2/8;FONASA;204159;210283.77000000002
4.470.159-8;Bernardo Ignacio Quiroga Vergara;MASCULINO;1965/1/17;ISAPRE;937633;965761.99
17.138.964-2;Vicente Juan Saavedra GonzÃ¡lez;MASCULINO;1978/1/21;FONASA;1999876;2059872.28
17.034.512-8;Paula Pamela Ruiz Campos;FEMENINO;1967/11/26;FONASA;470026;484126.78
8.259.192-0;Paula Daniela Ruiz Valenzuela;FEMENINO;1979/9/5;FONASA;1808818;1863082.54
13.168.612-3;Blanca MarÃ­a Valenzuela DÃ­az;FEMENINO;1961/6/14;FONASA;1467257;1511274.71
17.057.988-0;Rodrigo Francisco Quiroga Vergara;MASCULINO;1970/8/10;ISAPRE;438881;452047.43
21.607.035-7;Ignacia Isabel Vergara Campos;FEMENINO;1965/4/25;FONASA;225489;232253.67
17.712.490-8;AndrÃ©s Rodrigo Castro RodrÃ­guez;MASCULINO;1993/4/15;FONASA;866091;892073.73
11.372.227-4;AndrÃ©s Alejandro Vergara Ruiz;MASCULINO;1980/1/1;FONASA;1277836;1316171.08
6.990.450-2;Francisco Juan RodrÃ­guez DÃ­az;MASCULINO;1978/12/15;FONASA;1892735;1949517.05
5.763.942-0;Isidora Blanca DÃ­az Castro;FEMENINO;1986/10/2;FONASA;1246005;1283385.1500000001
7.502.590-6;Isidora Isidora Vergara Vergara;FEMENINO;1982/9/1;ISAPRE;116761;120263.83
7.210.691-8;Ignacio Alejandro Quiroga RodrÃ­guez;MASCULINO;1989/10/16;FONASA;1268079;1306121.37
19.235.946-3;Constanza Victoria LÃ³pez MuÃ±oz;FEMENINO;1975/1/8;FONASA;746464;768857.92
6.445.171-6;Gabriel Vicente Campos MuÃ±oz;MASCULINO;1977/2/8;FONASA;406989;419198.67
19.314.424-1;Felipe Vicente Vergara Vergara;MASCULINO;1985/1/17;FONASA;1557148;1603862.44
15.344.807-9;Alejandro AndrÃ©s MuÃ±oz LÃ³pez;MASCULINO;1977/10/8;ISAPRE;553757;570369.71
15.455.448-8;MarÃ­a MarÃ­a Quiroga MarÃ­n;FEMENINO;1990/3/11;FONASA;1843550;1898856.5
11.733.573-9;Constanza Victoria Campos Castro;FEMENINO;2000/12/20;ISAPRE;902052;929113.56
4.857.023-4;Felipe AndrÃ©s Rojas Rojas;MASCULINO;1960/8/15;ISAPRE;1460622;1504440.6600000001
18.106.018-3;Gabriel Alejandro RodrÃ­guez Saavedra;MASCULINO;1985/12/28;FONASA;1438272;1481420.1600000001
6.698.825-3;Javiera Daniela Rojas Castro;FEMENINO;1997/1/21;FONASA;1812508;1866883.24
10.947.696-1;Paula Paula Saavedra Campos;FEMENINO;1963/10/13;FONASA;1351825;1392379.75
7.573.862-1;Felipe Javier MarÃ­n Campos;MASCULINO;1964/4/27;FONASA;427287;440105.61
13.257.133-0;Ignacia Paula RodrÃ­guez RodrÃ­guez;FEMENINO;1988/6/14;FONASA;1653725;1703336.75
14.744.035-9;Isidora Constanza GonzÃ¡lez RodrÃ­guez;FEMENINO;1987/2/9;FONASA;1401770;1443823.1
8.358.862-6;Paula Constanza GonzÃ¡lez LÃ³pez;FEMENINO;1977/4/21;FONASA;196029;201909.87
15.546.331-8;Daniela Isidora Vergara Quiroga;FEMENINO;1990/11/6;FONASA;327306;337125.18
15.723.745-9;Felipe Felipe Robles Valenzuela;MASCULINO;1962/12/18;FONASA;646077;665459.31
4.640.489-4;Bernardo Bernardo Quiroga Rojas;MASCULINO;1984/10/5;FONASA;1236168;1273253.04
19.295.162-6;MarÃ­a Isidora Vergara Vergara;FEMENINO;1960/4/13;ISAPRE;1865441;1921404.23
8.997.332-7;Blanca Pamela Rojas RodrÃ­guez;FEMENINO;1967/7/22;FONASA;1782791;1836274.73
11.066.569-1;Valeria Ignacia LÃ³pez DÃ­az;FEMENINO;1979/11/8;FONASA;1157107;1191820.21
11.058.450-1;Pamela Victoria RodrÃ­guez Rojas;FEMENINO;1986/2/5;FONASA;930289;958197.67
15.173.946-3;Andrea Cecilia Quiroga Campos;FEMENINO;1974/10/14;FONASA;1603165;1651259.95
11.830.663-5;Ignacio Juan Quiroga Castro;MASCULINO;1963/10/12;ISAPRE;977763;1007095.89
15.316.421-9;Blanca Pamela Saavedra MarÃ­n;FEMENINO;1964/2/15;FONASA;922872;950558.16
13.429.864-4;Juan Gabriel Saavedra Vergara;MASCULINO;1989/1/23;FONASA;758496;781250.88
15.198.131-2;Rodrigo Rodrigo Vergara Vergara;MASCULINO;1972/6/17;FONASA;1351559;1392105.77
21.154.925-9;Juan RamÃ³n DÃ­az Vergara;MASCULINO;1983/1/30;FONASA;412192;424557.76
6.038.149-6;Francisco Gabriel Ruiz Saavedra;MASCULINO;1983/7/17;FONASA;154039;158660.17
13.883.820-9;Blanca Isidora Ruiz Ruiz;FEMENINO;1996/1/7;FONASA;122543;126219.29000000001
20.581.909-0;Gabriel RamÃ³n Campos MarÃ­n;MASCULINO;1979/11/10;FONASA;559348;576128.4400000001
14.558.634-2;Francisco Vicente RodrÃ­guez RodrÃ­guez;MASCULINO;1991/5/28;ISAPRE;195672;201542.16
12.855.084-8;Rodrigo Juan MuÃ±oz Rojas;MASCULINO;1977/11/6;ISAPRE;868438;894491.14
20.132.078-6;Cecilia Cecilia DÃ­az Vergara;FEMENINO;1960/1/3;FONASA;1014626;1045064.78
9.363.222-0;Daniela Javiera LÃ³pez RodrÃ­guez;FEMENINO;1970/6/8;FONASA;1242927;1280214.81
16.341.115-8;Francisco Pedro RodrÃ­guez Robles;MASCULINO;1975/8/14;ISAPRE;1459328;1503107.84
20.715.997-1;Isabel Valeria Quiroga Robles;FEMENINO;1977/5/5;ISAPRE;1844926;1900273.78
18.194.661-0;Felipe Pedro Quiroga RodrÃ­guez;MASCULINO;1966/12/22;FONASA;1370224;1411330.72
16.035.818-5;Victoria Daniela Vergara GonzÃ¡lez;FEMENINO;1961/5/19;FONASA;569946;587044.38
13.033.100-5;Ignacio Juan Ruiz Vergara;MASCULINO;1983/3/28;FONASA;911274;938612.22
14.757.406-8;Blanca Victoria Robles Saavedra;FEMENINO;1987/6/26;FONASA;1720691;1772311.73
16.159.120-1;MarÃ­a Andrea LÃ³pez Saavedra;FEMENINO;1981/6/20;FONASA;1029415;1060297.45
5.687.062-6;Daniela Isidora Rojas Vergara;FEMENINO;1968/12/13;ISAPRE;1348971;1389440.1300000001
8.485.663-4;Alejandro Juan DÃ­az Quiroga;MASCULINO;1967/11/30;FONASA;598343;616293.29
7.733.542-3;MarÃ­a Andrea Saavedra Robles;FEMENINO;1989/10/19;ISAPRE;1108590;1141847.7
15.07.333-8;Ignacia Isidora RodrÃ­guez GonzÃ¡lez;FEMENINO;1995/2/14;FONASA;147058;151469.74
14.433.061-0;Pedro Ignacio Robles Robles;MASCULINO;1977/3/13;ISAPRE;1914070;1971492.1
6.453.721-2;Bernardo Javier Castro DÃ­az;MASCULINO;1979/2/5;FONASA;830875;855801.25
10.428.07-5;Alejandro Bernardo RodrÃ­guez Ruiz;MASCULINO;1968/12/17;FONASA;616235;634722.05
12.946.977-3;RamÃ³n Alejandro MarÃ­n RodrÃ­guez;MASCULINO;1969/11/9;ISAPRE;211574;217921.22
5.713.107-4;Pamela Cecilia Valenzuela MarÃ­n;FEMENINO;1998/10/7;FONASA;331327;341266.81
21.276.641-5;Valeria Ignacia Castro Campos;FEMENINO;1980/8/10;FONASA;1371354;1412494.62
7.571.01-7;Constanza Paula Rojas Vergara;FEMENINO;1979/12/2;FONASA;779396;802777.88
11.403.639-9;Alejandro AndrÃ©s RodrÃ­guez RodrÃ­guez;MASCULINO;1966/9/7;FONASA;1161044;1195875.32
17.905.796-2;Juan Gabriel Robles Vergara;MASCULINO;1974/5/12;FONASA;630028;648928.84
6.991.968-0;RamÃ³n Gabriel Vergara MarÃ­n;MASCULINO;1972/8/0;FONASA;1799320;1853299.6
15.806.862-8;Ignacio Rodrigo RodrÃ­guez Saavedra;MASCULINO;1989/8/8;FONASA;1726870;1778676.1
12.299.614-7;Gabriel Felipe Robles Rojas;MASCULINO;1983/6/12;FONASA;120169;123774.07
18.171.270-5;Constanza Isidora Valenzuela RodrÃ­guez;FEMENINO;1996/7/5;FONASA;868309;894358.27
14.775.849-1;RamÃ³n Francisco RodrÃ­guez Rojas;MASCULINO;1985/6/17;FONASA;1647942;1697380.26
21.220.974-4;RamÃ³n Alejandro MarÃ­n RodrÃ­guez;MASCULINO;1988/2/9;ISAPRE;493365;508165.95
13.605.458-0;Valeria Isidora RodrÃ­guez Campos;FEMENINO;1995/12/12;ISAPRE;880887;907313.61
5.557.956-2;Ignacia Andrea GonzÃ¡lez Ruiz;FEMENINO;1988/11/22;FONASA;1439821;1483015.6300000001
8.276.249-4;Gabriel Felipe Campos Castro;MASCULINO;1979/12/30;FONASA;1334328;1374357.84
10.657.675-4;Vicente Ignacio Robles RodrÃ­guez;MASCULINO;1998/12/20;FONASA;1529814;1575708.42
20.035.094-3;Daniela Daniela GonzÃ¡lez Rojas;FEMENINO;1976/9/24;FONASA;1972252;2031419.56
19.085.412-0;Felipe Francisco Campos LÃ³pez;MASCULINO;1979/3/23;FONASA;1525771;1571544.1300000001
5.645.638-1;Javier Felipe Castro MuÃ±oz;MASCULINO;1970/12/26;FONASA;1771177;1824312.31
4.463.104-0;Pedro Felipe GonzÃ¡lez LÃ³pez;MASCULINO;1986/11/2;FONASA;1873267;1929465.01
14.455.298-8;Isidora Constanza LÃ³pez Saavedra;FEMENINO;1998/11/25;FONASA;1118640;1152199.2
12.391.118-7;Isabel Pamela Rojas MuÃ±oz;FEMENINO;1960/3/6;ISAPRE;908578;935835.34
6.351.709-4;Alejandro AndrÃ©s Quiroga Castro;MASCULINO;2000/6/0;ISAPRE;311596;320943.88
18.808.957-6;Juan Gabriel Vergara GonzÃ¡lez;MASCULINO;1979/3/19;FONASA;609904;628201.12
17.947.010-0;Isabel Valeria Castro Campos;FEMENINO;1985/8/17;FONASA;1256458;1294151.74
19.664.460-9;AndrÃ©s Pedro GonzÃ¡lez DÃ­az;MASCULINO;1960/8/9;FONASA;167850;172885.5
18.462.228-5;Javiera Javiera LÃ³pez Castro;FEMENINO;1977/2/20;ISAPRE;1057743;1089475.29
12.445.655-4;Ignacio Francisco GonzÃ¡lez Saavedra;MASCULINO;1984/5/16;FONASA;1308866;1348131.98
18.514.849-5;Cecilia Cecilia Rojas MuÃ±oz;FEMENINO;1977/1/26;FONASA;689014;709684.42
13.172.631-4;Victoria Victoria LÃ³pez Rojas;FEMENINO;1994/2/5;FONASA;1480165;1524569.95
12.433.010-2;Daniela Javiera Quiroga Rojas;FEMENINO;1980/11/14;FONASA;1998961;2058929.83
4.301.572-0;Constanza Blanca MuÃ±oz Valenzuela;FEMENINO;1963/8/5;FONASA;983533;1013038.99
10.443.469-1;Felipe Pablo Valenzuela Valenzuela;MASCULINO;1979/10/8;FONASA;190817;196541.51
11.605.606-3;Cecilia Pamela LÃ³pez RodrÃ­guez;FEMENINO;1994/11/10;FONASA;1062704;1094585.12
20.777.458-2;Javiera Ignacia GonzÃ¡lez Robles;FEMENINO;2000/3/10;FONASA;1986369;2045960.07
18.027.489-0;Valeria Constanza Rojas MuÃ±oz;FEMENINO;1969/10/8;FONASA;1274055;1312276.6500000001
18.472.433-4;Vicente Ignacio Rojas GonzÃ¡lez;MASCULINO;1980/12/25;ISAPRE;584514;602049.42
17.459.348-4;Pamela Constanza Ruiz MuÃ±oz;FEMENINO;1981/10/22;FONASA;1275342;1313602.26
9.841.228-8;AndrÃ©s Alejandro Quiroga RodrÃ­guez;MASCULINO;1974/7/2;FONASA;417254;429771.62
15.111.323-8;Pedro Vicente MarÃ­n Robles;MASCULINO;1990/9/21;FONASA;1156301;1190990.03
12.758.861-1;Pablo Rodrigo MarÃ­n Ruiz;MASCULINO;1996/1/30;ISAPRE;1055014;1086664.42
16.470.336-2;Javier Bernardo RodrÃ­guez RodrÃ­guez;MASCULINO;1978/9/12;FONASA;603994;622113.8200000001
15.071.935-9;Isidora Isidora Castro Castro;FEMENINO;1964/6/23;FONASA;1185795;1221368.85
12.326.490-4;Isidora Andrea RodrÃ­guez RodrÃ­guez;FEMENINO;1982/8/4;ISAPRE;474070;488292.10000000003
19.826.438-2;Rodrigo Juan MarÃ­n LÃ³pez;MASCULINO;1968/7/24;ISAPRE;1190218;1225924.54
18.287.760-3;Gabriel Juan Ruiz RodrÃ­guez;MASCULINO;1986/3/5;FONASA;1988390;2048041.7
21.01.663-0;RamÃ³n AndrÃ©s Quiroga Saavedra;MASCULINO;1961/11/21;FONASA;1343855;1384170.6500000001
19.058.379-4;Valeria MarÃ­a Vergara Campos;FEMENINO;2000/11/22;ISAPRE;1155567;1190234.01
16.162.257-1;Pedro Pedro Quiroga LÃ³pez;MASCULINO;1992/8/27;ISAPRE;1799814;1853808.4200000002
19.634.154-8;Pablo Felipe Ruiz MarÃ­n;MASCULINO;1993/9/25;FONASA;820171;844776.13
13.613.02-0;Rodrigo Pedro Saavedra Castro;MASCULINO;1968/6/9;ISAPRE;1763634;1816543.02
13.308.166-5;Pamela Pamela Campos MuÃ±oz;FEMENINO;1965/10/18;FONASA;1682185;1732650.55
9.665.186-9;Bernardo Alejandro RodrÃ­guez Campos;MASCULINO;1966/8/27;FONASA;474725;488966.75
6.414.744-3;Paula Isidora LÃ³pez Quiroga;FEMENINO;1986/7/17;FONASA;1910838;1968163.1400000001
8.445.999-1;Ignacio Alejandro LÃ³pez MuÃ±oz;MASCULINO;1962/1/4;FONASA;1016320;1046809.6
15.747.333-3;Bernardo Juan Robles Robles;MASCULINO;1964/1/6;FONASA;385492;397056.76
11.03.393-6;Javier Bernardo RodrÃ­guez Ruiz;MASCULINO;1998/8/5;ISAPRE;829356;854236.68
12.219.431-9;Javier Alejandro Robles Robles;MASCULINO;1977/3/21;FONASA;1482978;1527467.34
9.724.654-4;RamÃ³n Pablo Ruiz Robles;MASCULINO;1960/11/2;FONASA;1341130;1381363.9000000001
19.998.934-1;RamÃ³n Juan MarÃ­n Saavedra;MASCULINO;1999/6/14;FONASA;1726328;1778117.84
21.889.040-4;Cecilia MarÃ­a Rojas GonzÃ¡lez;FEMENINO;1974/3/14;FONASA;1403678;1445788.34
9.669.704-4;Alejandro Juan Robles GonzÃ¡lez;MASCULINO;1970/6/25;FONASA;1884117;1940640.51
20.773.563-4;Bernardo AndrÃ©s LÃ³pez Campos;MASCULINO;1995/3/10;FONASA;1115445;1148908.35
16.330.527-8;Gabriel Javier Valenzuela Ruiz;MASCULINO;2000/6/29;FONASA;1546966;1593374.98
21.050.270-5;Isabel Pamela Rojas Valenzuela;FEMENINO;1998/2/14;FONASA;900316;927325.48
8.876.840-5;Pablo Ignacio Saavedra MuÃ±oz;MASCULINO;1962/5/18;FONASA;223070;229762.1
5.455.725-8;Felipe Vicente RodrÃ­guez Quiroga;MASCULINO;1977/9/11;FONASA;1089550;1122236.5
18.829.120-0;Constanza Blanca Rojas DÃ­az;FEMENINO;1985/2/19;FONASA;105998;109177.94
15.778.763-8;Valeria Andrea LÃ³pez Vergara;FEMENINO;1985/10/11;ISAPRE;1668860;1718925.8
19.842.404-3;Felipe Bernardo RodrÃ­guez Rojas;MASCULINO;1968/4/21;ISAPRE;1400080;1442082.4000000001
6.880.278-7;Vicente AndrÃ©s MuÃ±oz GonzÃ¡lez;MASCULINO;1979/3/26;ISAPRE;1615447;1663910.4100000001
12.770.537-0;Blanca Isidora RodrÃ­guez DÃ­az;FEMENINO;1994/7/14;FONASA;840416;865628.48
6.561.441-8;RamÃ³n Pablo RodrÃ­guez RodrÃ­guez;MASCULINO;1982/1/18;FONASA;789059;812730.77
21.773.327-6;AndrÃ©s Felipe MarÃ­n Saavedra;MASCULINO;2000/11/29;ISAPRE;695316;716175.48
18.556.129-7;Francisco Pedro MuÃ±oz DÃ­az;MASCULINO;1977/11/4;FONASA;1868407;1924459.21
8.145.608-0;Vicente Javier Saavedra Campos;MASCULINO;1978/2/10;FONASA;1349176;1389651.28
15.558.476-1;Javiera Andrea RodrÃ­guez RodrÃ­guez;FEMENINO;1987/10/30;FONASA;1321380;1361021.4000000001
14.682.254-7;Javiera Daniela Valenzuela MarÃ­n;FEMENINO;1969/7/21;FONASA;215313;221772.39
17.394.939-3;Javier Alejandro Saavedra Quiroga;MASCULINO;1966/12/12;FONASA;1665705;1715676.1500000001
13.646.711-6;Felipe Vicente DÃ­az Robles;MASCULINO;1996/11/13;FONASA;124210;127936.3
4.786.472-1;RamÃ³n RamÃ³n Vergara Valenzuela;MASCULINO;1983/2/15;FONASA;485355;499915.65
15.034.332-9;RamÃ³n Francisco Campos Castro;MASCULINO;1973/11/26;FONASA;1004494;1034628.8200000001
13.268.328-6;Valeria Javiera Rojas MarÃ­n;FEMENINO;1970/2/8;FONASA;1219203;1255779.09
6.033.112-2;Vicente Pedro GonzÃ¡lez Ruiz;MASCULINO;1975/11/21;ISAPRE;628235;647082.05
7.837.350-1;MarÃ­a Constanza Valenzuela Quiroga;FEMENINO;1994/6/24;FONASA;319927;329524.81
9.097.028-5;Pablo Bernardo MarÃ­n MarÃ­n;MASCULINO;1987/7/16;FONASA;1693033;1743823.99
16.533.524-2;Alejandro Gabriel MuÃ±oz MuÃ±oz;MASCULINO;1993/12/8;FONASA;866851;892856.53
16.389.122-7;Blanca Ignacia Campos Quiroga;FEMENINO;1963/6/4;FONASA;330166;340070.98
9.236.257-9;Constanza Cecilia Campos Robles;FEMENINO;1999/11/6;FONASA;222658;229337.74000000002
6.314.840-4;Andrea Isidora Saavedra RodrÃ­guez;FEMENINO;1965/7/9;ISAPRE;559635;576424.05
8.218.037-5;Rodrigo Vicente Valenzuela Robles;MASCULINO;1965/8/22;ISAPRE;1523087;1568779.61
18.627.595-1;Daniela Isabel Ruiz Ruiz;FEMENINO;1989/4/6;FONASA;1968319;2027368.57
7.335.616-7;Pedro Felipe Saavedra RodrÃ­guez;MASCULINO;1991/12/13;FONASA;1312455;1351828.6500000001
14.702.686-6;RamÃ³n Pedro Valenzuela Castro;MASCULINO;1967/10/30;FONASA;1620008;1668608.24
11.994.496-9;MarÃ­a Andrea Saavedra Valenzuela;FEMENINO;1988/8/26;FONASA;548777;565240.31
13.339.941-8;Isidora Daniela Robles Vergara;FEMENINO;1995/2/22;FONASA;269257;277334.71
15.241.599-6;Valeria Cecilia RodrÃ­guez Rojas;FEMENINO;1966/7/27;FONASA;1281746;1320198.3800000001
15.927.686-5;RamÃ³n Gabriel DÃ­az DÃ­az;MASCULINO;1969/8/9;FONASA;936664;964763.92
16.694.301-2;Rodrigo Felipe LÃ³pez GonzÃ¡lez;MASCULINO;1965/5/3;FONASA;1574760;1622002.8
20.619.507-7;Vicente Javier Robles Rojas;MASCULINO;1965/5/17;FONASA;1539682;1585872.46
15.294.514-4;Francisco Felipe MarÃ­n LÃ³pez;MASCULINO;1969/8/10;ISAPRE;513585;528992.55
9.628.848-2;Ignacia MarÃ­a MarÃ­n MuÃ±oz;FEMENINO;1970/6/19;FONASA;1643063;1692354.8900000001
5.335.422-3;Alejandro Gabriel RodrÃ­guez Robles;MASCULINO;1967/7/0;FONASA;177530;182855.9
7.698.530-6;Pedro Alejandro GonzÃ¡lez Vergara;MASCULINO;1990/1/13;FONASA;112576;115953.28
4.060.266-8;Rodrigo Vicente MarÃ­n Rojas;MASCULINO;1974/10/16;ISAPRE;574264;591491.92
8.557.392-2;Isabel Isidora Quiroga MarÃ­n;FEMENINO;1974/11/8;ISAPRE;229273;236151.19
11.409.492-8;Constanza Constanza Rojas Robles;FEMENINO;1964/2/22;FONASA;246897;254303.91
13.236.619-4;AndrÃ©s Bernardo Castro RodrÃ­guez;MASCULINO;1973/9/22;FONASA;1620022;1668622.6600000001
16.694.392-5;Paula Victoria MarÃ­n Robles;FEMENINO;1972/1/19;FONASA;1587942;1635580.26
5.284.994-0;Pablo Juan Ruiz MarÃ­n;MASCULINO;1974/9/23;FONASA;606416;624608.48
13.977.530-0;Javier Francisco MuÃ±oz Rojas;MASCULINO;1982/3/14;ISAPRE;1255743;1293415.29
10.537.647-9;MarÃ­a Isidora Rojas Quiroga;FEMENINO;1998/5/19;FONASA;1617919;1666456.57
8.034.995-5;MarÃ­a Cecilia GonzÃ¡lez Castro;FEMENINO;1976/6/19;FONASA;808331;832580.93
5.098.663-2;Pedro Javier Robles Vergara;MASCULINO;1992/10/19;FONASA;209428;215710.84
4.190.830-3;Isabel Andrea Campos Saavedra;FEMENINO;1990/11/24;ISAPRE;1456772;1500475.1600000001
13.651.988-0;Pamela Constanza LÃ³pez RodrÃ­guez;FEMENINO;1999/12/24;FONASA;1997680;2057610.4000000001
14.951.034-9;Felipe Rodrigo MarÃ­n DÃ­az;MASCULINO;1987/6/17;FONASA;1165426;1200388.78
18.00.659-7;Francisco Javier RodrÃ­guez Valenzuela;MASCULINO;1987/3/8;ISAPRE;1984401;2043933.03
6.695.425-2;Valeria Victoria Vergara Ruiz;FEMENINO;1966/2/17;ISAPRE;675408;695670.24
5.832.552-3;AndrÃ©s RamÃ³n Rojas Saavedra;MASCULINO;1979/8/16;ISAPRE;1566412;1613404.36
13.631.204-1;AndrÃ©s Pedro MarÃ­n DÃ­az;MASCULINO;1970/9/13;ISAPRE;939152;967326.56
18.580.186-6;MarÃ­a Cecilia Valenzuela Rojas;FEMENINO;1967/1/30;ISAPRE;1809890;1864186.7
19.356.079-7;RamÃ³n Bernardo GonzÃ¡lez Campos;MASCULINO;1993/9/6;ISAPRE;1531775;1577728.25
20.331.655-9;MarÃ­a Daniela RodrÃ­guez RodrÃ­guez;FEMENINO;1993/12/3;FONASA;392445;404218.35000000003
16.731.958-7;Valeria Valeria Campos Campos;FEMENINO;1999/3/15;FONASA;885504;912069.12
20.897.312-1;RamÃ³n Pablo MuÃ±oz RodrÃ­guez;MASCULINO;1964/7/11;FONASA;539706;555897.18
4.395.141-2;Vicente Vicente Rojas Robles;MASCULINO;1986/4/16;FONASA;1796940;1850848.2
12.158.315-6;Blanca Valeria MarÃ­n Campos;FEMENINO;1980/7/10;FONASA;835023;860073.6900000001
11.501.307-4;Rodrigo Vicente Valenzuela Valenzuela;MASCULINO;1975/8/4;FONASA;1248550;1286006.5
6.937.064-1;Pamela Paula Castro Ruiz;FEMENINO;1996/2/11;FONASA;657884;677620.52
12.077.130-0;Felipe Javier MuÃ±oz Vergara;MASCULINO;1982/3/30;FONASA;1356287;1396975.61
10.647.745-3;Pablo RamÃ³n MuÃ±oz DÃ­az;MASCULINO;1996/2/21;ISAPRE;1122431;1156103.93
6.891.096-8;Daniela Pamela Quiroga Robles;FEMENINO;1984/6/14;FONASA;1691879;1742635.37
4.097.997-4;Constanza MarÃ­a DÃ­az Valenzuela;FEMENINO;1977/3/7;ISAPRE;1206133;1242316.99
18.376.244-5;Constanza Isidora Rojas RodrÃ­guez;FEMENINO;1982/5/6;FONASA;710264;731571.92
9.027.993-8;Blanca Cecilia Campos RodrÃ­guez;FEMENINO;1981/11/5;FONASA;1197859;1233794.77
17.683.690-6;Ignacio Vicente Saavedra Robles;MASCULINO;1988/12/11;FONASA;846782;872185.4600000001
12.237.034-1;Pamela Ignacia DÃ­az Vergara;FEMENINO;1974/6/23;FONASA;1591371;1639112.1300000001
14.170.563-8;Pablo Felipe Rojas Rojas;MASCULINO;1960/6/30;ISAPRE;1330862;1370787.86
5.347.565-4;Constanza Cecilia Ruiz Vergara;FEMENINO;1975/11/13;FONASA;121864;125519.92
14.371.466-8;Pablo Javier Saavedra Robles;MASCULINO;1986/10/30;FONASA;1176474;1211768.22
7.578.502-2;Andrea Isidora Saavedra Campos;FEMENINO;1980/6/13;ISAPRE;973659;1002868.77
19.732.064-2;Daniela Ignacia Campos Rojas;FEMENINO;1974/10/1;FONASA;1069683;1101773.49
15.027.674-6;Ignacio Alejandro GonzÃ¡lez Campos;MASCULINO;1980/5/27;FONASA;326986;336795.58
16.652.447-7;Isidora Pamela RodrÃ­guez DÃ­az;FEMENINO;1969/10/13;FONASA;769840;792935.2000000001
11.087.707-2;Constanza Isabel Valenzuela Quiroga;FEMENINO;1974/4/8;FONASA;1626593;1675390.79
4.015.647-9;RamÃ³n Rodrigo Quiroga Rojas;MASCULINO;1998/12/20;FONASA;1669076;1719148.28
8.016.974-7;Andrea Ignacia Ruiz Quiroga;FEMENINO;1985/7/26;FONASA;1034949;1065997.47
13.780.496-8;RamÃ³n Francisco Valenzuela Valenzuela;MASCULINO;1996/10/12;ISAPRE;1228834;1265699.02
6.509.713-1;Isidora MarÃ­a Castro DÃ­az;FEMENINO;1993/3/16;ISAPRE;805084;829236.52
10.782.816-5;Pablo Bernardo MarÃ­n RodrÃ­guez;MASCULINO;1962/3/19;FONASA;1273143;1311337.29
8.047.856-4;Isidora Ignacia DÃ­az Vergara;FEMENINO;1992/11/13;ISAPRE;141725;145976.75
20.312.199-4;Francisco Gabriel GonzÃ¡lez GonzÃ¡lez;MASCULINO;1981/7/13;ISAPRE;1251681;1289231.43
